window_start,TEMPERATURE_mean,TEMPERATURE_min,TEMPERATURE_max,TEMPERATURE_std,TURBIDITY_mean,TURBIDITY_min,TURBIDITY_max,TURBIDITY_std,DISSOLVED OXYGEN_mean,DISSOLVED OXYGEN_min,DISSOLVED OXYGEN_max,DISSOLVED OXYGEN_std,pH_mean,pH_min,pH_max,pH_std,AMMONIA_mean,AMMONIA_min,AMMONIA_max,AMMONIA_std,NITRATE_mean,NITRATE_min,NITRATE_max,NITRATE_std,Population_mean,Population_min,Population_max,Population_std,Length_mean,Weight_mean,next_weight,weight_gain,TEMPERATURE_mean_lag1,TEMPERATURE_mean_lag2,TEMPERATURE_mean_lag3,TURBIDITY_mean_lag1,TURBIDITY_mean_lag2,TURBIDITY_mean_lag3,DISSOLVED OXYGEN_mean_lag1,DISSOLVED OXYGEN_mean_lag2,DISSOLVED OXYGEN_mean_lag3,pH_mean_lag1,pH_mean_lag2,pH_mean_lag3,AMMONIA_mean_lag1,AMMONIA_mean_lag2,AMMONIA_mean_lag3,NITRATE_mean_lag1,NITRATE_mean_lag2,NITRATE_mean_lag3,Population_mean_lag1,Population_mean_lag2,Population_mean_lag3,Length_mean_lag1,Length_mean_lag2,Length_mean_lag3,Weight_mean_lag1,Weight_mean_lag2,Weight_mean_lag3,TEMPERATURE_mean_roll3_mean,TEMPERATURE_mean_roll3_min,TEMPERATURE_mean_roll3_max,TEMPERATURE_mean_roll3_std,TEMPERATURE_mean_roll6_mean,TEMPERATURE_mean_roll6_min,TEMPERATURE_mean_roll6_max,TEMPERATURE_mean_roll6_std,TURBIDITY_mean_roll3_mean,TURBIDITY_mean_roll3_min,TURBIDITY_mean_roll3_max,TURBIDITY_mean_roll3_std,TURBIDITY_mean_roll6_mean,TURBIDITY_mean_roll6_min,TURBIDITY_mean_roll6_max,TURBIDITY_mean_roll6_std,DISSOLVED OXYGEN_mean_roll3_mean,DISSOLVED OXYGEN_mean_roll3_min,DISSOLVED OXYGEN_mean_roll3_max,DISSOLVED OXYGEN_mean_roll3_std,DISSOLVED OXYGEN_mean_roll6_mean,DISSOLVED OXYGEN_mean_roll6_min,DISSOLVED OXYGEN_mean_roll6_max,DISSOLVED OXYGEN_mean_roll6_std,pH_mean_roll3_mean,pH_mean_roll3_min,pH_mean_roll3_max,pH_mean_roll3_std,pH_mean_roll6_mean,pH_mean_roll6_min,pH_mean_roll6_max,pH_mean_roll6_std,AMMONIA_mean_roll3_mean,AMMONIA_mean_roll3_min,AMMONIA_mean_roll3_max,AMMONIA_mean_roll3_std,AMMONIA_mean_roll6_mean,AMMONIA_mean_roll6_min,AMMONIA_mean_roll6_max,AMMONIA_mean_roll6_std,NITRATE_mean_roll3_mean,NITRATE_mean_roll3_min,NITRATE_mean_roll3_max,NITRATE_mean_roll3_std,NITRATE_mean_roll6_mean,NITRATE_mean_roll6_min,NITRATE_mean_roll6_max,NITRATE_mean_roll6_std,Population_mean_roll3_mean,Population_mean_roll3_min,Population_mean_roll3_max,Population_mean_roll3_std,Population_mean_roll6_mean,Population_mean_roll6_min,Population_mean_roll6_max,Population_mean_roll6_std,Length_mean_roll3_mean,Length_mean_roll3_min,Length_mean_roll3_max,Length_mean_roll3_std,Length_mean_roll6_mean,Length_mean_roll6_min,Length_mean_roll6_max,Length_mean_roll6_std,Weight_mean_roll3_mean,Weight_mean_roll3_min,Weight_mean_roll3_max,Weight_mean_roll3_std,Weight_mean_roll6_mean,Weight_mean_roll6_min,Weight_mean_roll6_max,Weight_mean_roll6_std,hour,day_of_week,month
2023-01-02 12:00:00+00:00,27.8975,26.63,30.73,1.2169195461566793,39.52166666666667,10.91,56.61,14.139193646375205,6.935,5.32,8.33,1.0872525841855618,7.497333333333334,6.831,8.163,0.5263533782430571,0.6880333333333333,0.0646,1.245,0.3900974850967227,18.0225,7.78,40.77,10.85590842478292,1021.8333333333334,809.0,1371.0,207.89981561640053,6.47,46.01499999999999,52.384166666666665,6.369166666666672,27.60833333333333,28.35083333333333,27.91583333333333,34.454166666666666,36.06916666666667,36.0675,6.7875000000000005,6.572500000000001,6.310833333333334,7.46575,7.628833333333333,7.51625,0.68145,0.7463666666666667,0.796925,27.21333333333333,22.2325,26.430833333333336,1225.9166666666667,1235.8333333333333,1171.9166666666667,6.211666666666667,5.948333333333333,5.715833333333333,39.61083333333333,34.526666666666664,28.305833333333336,27.958333333333332,27.60833333333333,28.35083333333333,0.37307003363979746,28.581626984126984,27.60833333333333,29.37333333333333,0.7371827334278122,35.530277777777776,34.454166666666666,36.06916666666667,0.9319399320970508,35.270833333333336,31.03,38.87583333333333,2.5667082788834605,6.5569444444444445,6.310833333333334,6.7875000000000005,0.2387137600961857,6.633293650793651,6.310833333333334,6.831428571428572,0.21052054136618742,7.536944444444444,7.46575,7.628833333333333,0.0834879537773324,7.533077380952381,7.285714285714286,7.79225,0.16905167747475763,0.7415805555555556,0.68145,0.796925,0.05788608685103825,0.788206746031746,0.68145,0.8841916666666667,0.07052441730175503,25.29222222222222,22.2325,27.21333333333333,2.6785260163698923,25.105654761904763,21.599166666666665,27.74666666666667,2.600666289942636,1211.2222222222224,1171.9166666666667,1235.8333333333333,34.39883853551723,1203.3075396825395,1154.428571428571,1235.8333333333333,34.24413435767174,5.958611111111111,5.715833333333333,6.211666666666667,0.24807639578998555,5.607698412698412,5.112857142857143,6.211666666666667,0.4301849893876848,34.14777777777778,28.305833333333336,39.61083333333333,5.662015881520695,25.622123015873015,11.858571428571429,39.61083333333333,10.5046502636797,12,0,1
2023-01-02 18:00:00+00:00,28.735,26.51,30.85,1.5958668205996729,43.37166666666667,15.66,59.24,15.481577810906469,7.024166666666667,5.14,8.46,1.1676274182626871,7.500416666666666,6.915,8.196,0.4018772898044949,0.7214416666666666,0.0686,1.4055,0.5001431930563547,26.81833333333333,7.7,44.77,10.95670308186922,1074.9166666666667,878.0,1380.0,166.16829274910276,6.683333333333334,52.384166666666665,58.48833333333334,6.104166666666671,27.8975,27.60833333333333,28.35083333333333,39.52166666666667,34.454166666666666,36.06916666666667,6.935,6.7875000000000005,6.572500000000001,7.497333333333334,7.46575,7.628833333333333,0.6880333333333333,0.68145,0.7463666666666667,18.0225,27.21333333333333,22.2325,1021.8333333333334,1225.9166666666667,1235.8333333333333,6.47,6.211666666666667,5.948333333333333,46.01499999999999,39.61083333333333,34.526666666666664,27.95222222222222,27.60833333333333,28.35083333333333,0.3742625464880278,28.347638888888884,27.60833333333333,29.37333333333333,0.6839012714376811,36.681666666666665,34.454166666666666,39.52166666666667,2.5886784755932957,36.68611111111111,34.454166666666666,39.52166666666667,2.049722248573286,6.765000000000001,6.572500000000001,6.935,0.18229440474134032,6.650555555555555,6.310833333333334,6.935,0.23305618461046074,7.530638888888888,7.46575,7.628833333333333,0.08649270735689797,7.568347222222222,7.46575,7.79225,0.12289647197570001,0.7052833333333334,0.68145,0.7463666666666667,0.03573115276306956,0.7723694444444446,0.68145,0.8841916666666667,0.0816966837125574,22.489444444444445,18.0225,27.21333333333333,4.6008009819949764,23.874166666666667,18.0225,27.74666666666667,3.867700400611309,1161.1944444444443,1021.8333333333334,1235.8333333333333,120.79207149907239,1181.2083333333333,1021.8333333333334,1235.8333333333333,81.8251650709541,6.210000000000001,5.948333333333333,6.47,0.26083732691298706,5.833888888888889,5.201666666666667,6.47,0.4726561078588711,40.05083333333334,34.526666666666664,46.01499999999999,5.756791701498713,31.31486111111111,17.440833333333334,46.01499999999999,10.804895770702311,18,0,1
2023-01-03 00:00:00+00:00,28.10833333333333,25.83,30.14,1.273926166929575,31.734166666666667,10.23,55.99,13.82259511112369,7.290833333333334,5.12,8.4,1.091882930232602,7.593416666666667,7.011,8.178,0.4009705176950124,0.7635833333333334,0.0174,1.4801,0.5722215858680388,23.981666666666666,7.41,43.31,11.299661164134193,1120.3333333333333,807.0,1463.0,239.2174109402777,6.9,58.48833333333334,65.1775,6.689166666666658,28.735,27.8975,27.60833333333333,43.37166666666667,39.52166666666667,34.454166666666666,7.024166666666667,6.935,6.7875000000000005,7.500416666666666,7.497333333333334,7.46575,0.7214416666666666,0.6880333333333333,0.68145,26.81833333333333,18.0225,27.21333333333333,1074.9166666666667,1021.8333333333334,1225.9166666666667,6.683333333333334,6.47,6.211666666666667,52.384166666666665,46.01499999999999,39.61083333333333,28.08027777777778,27.60833333333333,28.735,0.5851497513299327,28.241249999999997,27.60833333333333,28.94,0.5232002882899339,39.115833333333335,34.454166666666666,43.37166666666667,4.472580584330861,38.06,34.454166666666666,43.37166666666667,3.223394604726182,6.915555555555556,6.7875000000000005,7.024166666666667,0.1195254893007859,6.739583333333333,6.310833333333334,7.024166666666667,0.2599336186627485,7.487833333333334,7.46575,7.500416666666666,0.01918676482486445,7.566805555555555,7.46575,7.79225,0.12383424928627888,0.696975,0.68145,0.7214416666666666,0.02144291031501585,0.7530680555555556,0.68145,0.8841916666666667,0.07683831209766735,24.018055555555552,18.0225,27.21333333333333,5.196058223770669,24.744027777777777,18.0225,27.74666666666667,3.840522729780799,1107.5555555555557,1021.8333333333334,1225.9166666666667,105.8842506562568,1160.611111111111,1021.8333333333334,1235.8333333333333,91.57535856493438,6.455000000000001,6.211666666666667,6.683333333333334,0.23619083621324627,6.0808333333333335,5.4558333333333335,6.683333333333334,0.4632451954538892,46.00333333333333,39.61083333333333,52.384166666666665,6.386674658571897,37.138749999999995,21.99,52.384166666666665,11.23965980048131,0,1,1
2023-01-03 06:00:00+00:00,27.5775,25.64,30.04,1.2573502079590015,30.27833333333333,10.65,55.74,12.301367871710507,6.334166666666667,5.13,7.9,0.9998496099035308,7.518333333333333,6.844,8.155,0.4553568697053759,0.7576666666666667,0.0547,1.4552,0.4343833462681915,28.959166666666665,11.1,44.7,11.433095865101722,1172.5833333333333,947.0,1450.0,164.91014541442274,7.1883333333333335,65.1775,70.4975,5.320000000000007,28.10833333333333,28.735,27.8975,31.734166666666667,43.37166666666667,39.52166666666667,7.290833333333334,7.024166666666667,6.935,7.593416666666667,7.500416666666666,7.497333333333334,0.7635833333333334,0.7214416666666666,0.6880333333333333,23.981666666666666,26.81833333333333,18.0225,1120.3333333333333,1074.9166666666667,1021.8333333333334,6.9,6.683333333333334,6.47,58.48833333333334,52.384166666666665,46.01499999999999,28.24694444444444,27.8975,28.735,0.43561604951217353,28.102638888888887,27.60833333333333,28.735,0.3956841531753278,38.20916666666667,31.734166666666667,43.37166666666667,5.928730365769728,36.86972222222223,31.734166666666667,43.37166666666667,4.069431903659104,7.083333333333333,6.935,7.290833333333334,0.1851482139020279,6.820138888888889,6.310833333333334,7.290833333333334,0.3458774737560284,7.530388888888889,7.497333333333334,7.593416666666667,0.05460542385894512,7.533666666666666,7.46575,7.628833333333333,0.06319563979333452,0.7243527777777778,0.6880333333333333,0.7635833333333334,0.037859035261426706,0.7329666666666667,0.68145,0.796925,0.044751325554545404,22.940833333333334,18.0225,26.81833333333333,4.489339765241409,24.116527777777776,18.0225,27.21333333333333,3.548264106756469,1072.361111111111,1021.8333333333334,1120.3333333333333,49.29970231297671,1141.7916666666667,1021.8333333333334,1235.8333333333333,85.03069298788533,6.684444444444445,6.47,6.9,0.2150021533053278,6.321527777777778,5.715833333333333,6.9,0.44850567216364656,52.29583333333334,46.01499999999999,58.48833333333334,6.237135816578352,43.221805555555555,28.305833333333336,58.48833333333334,11.277840704189531,6,1,1
2023-01-03 12:00:00+00:00,28.118333333333336,26.25,30.14,1.338315313664115,33.219166666666666,13.35,59.84,16.654380509388968,6.964166666666666,5.07,8.29,1.179433287128983,7.602166666666666,6.846,8.089,0.4362709402806163,0.9286,0.1499,1.4175,0.4036798686628259,24.5925,6.45,38.68,12.31924224721044,1228.1666666666667,937.0,1422.0,145.16563162835968,7.4325,70.4975,76.35666666666667,5.859166666666667,27.5775,28.10833333333333,28.735,30.27833333333333,31.734166666666667,43.37166666666667,6.334166666666667,7.290833333333334,7.024166666666667,7.518333333333333,7.593416666666667,7.500416666666666,0.7576666666666667,0.7635833333333334,0.7214416666666666,28.959166666666665,23.981666666666666,26.81833333333333,1172.5833333333333,1120.3333333333333,1074.9166666666667,7.1883333333333335,6.9,6.683333333333334,65.1775,58.48833333333334,52.384166666666665,28.14027777777778,27.5775,28.735,0.5794108198404208,28.04625,27.5775,28.735,0.44824681631143226,35.128055555555555,30.27833333333333,43.37166666666667,7.176190200032126,35.90486111111111,30.27833333333333,43.37166666666667,4.899356800661206,6.883055555555557,6.334166666666667,7.290833333333334,0.4936973131758331,6.824027777777778,6.334166666666667,7.290833333333334,0.3390699766627448,7.537388888888889,7.500416666666666,7.593416666666667,0.04934152052935146,7.534013888888889,7.46575,7.628833333333333,0.06308643578162927,0.7475638888888888,0.7214416666666666,0.7635833333333334,0.02281511793704975,0.7264236111111111,0.68145,0.7635833333333334,0.03542868283085968,26.586388888888887,23.981666666666666,28.959166666666665,2.49684305303346,24.537916666666664,18.0225,28.959166666666665,3.999515482808162,1122.611111111111,1074.9166666666667,1172.5833333333333,48.87315876990274,1141.9027777777778,1021.8333333333334,1235.8333333333333,85.0783530482779,6.923888888888889,6.683333333333334,7.1883333333333335,0.25334612540803003,6.566944444444444,5.948333333333333,7.1883333333333335,0.4536290906146273,58.68333333333334,52.384166666666665,65.1775,6.398895466753963,49.36708333333333,34.526666666666664,65.1775,11.56657349566222,12,1,1
2023-01-03 18:00:00+00:00,28.57,26.8,31.33,1.3187459607865757,30.949166666666667,11.83,54.9,13.165152665160008,7.301666666666667,6.23,8.49,0.8297516970683934,7.316083333333334,6.816,7.917,0.3474874643476911,0.8272,0.0553,1.4991,0.4535875238784482,27.045,8.51,44.69,10.999784708636964,1223.8333333333333,1019.0,1447.0,148.590243980083,7.626666666666666,76.35666666666667,81.39666666666666,5.039999999999992,28.118333333333336,27.5775,28.10833333333333,33.219166666666666,30.27833333333333,31.734166666666667,6.964166666666666,6.334166666666667,7.290833333333334,7.602166666666666,7.518333333333333,7.593416666666667,0.9286,0.7576666666666667,0.7635833333333334,24.5925,28.959166666666665,23.981666666666666,1228.1666666666667,1172.5833333333333,1120.3333333333333,7.4325,7.1883333333333335,6.9,70.4975,65.1775,58.48833333333334,27.934722222222224,27.5775,28.118333333333336,0.3094039221423009,28.007500000000004,27.5775,28.735,0.42615529250888706,31.743888888888886,30.27833333333333,33.219166666666666,1.4704407722906978,35.42986111111111,30.27833333333333,43.37166666666667,5.016985023582575,6.8630555555555555,6.334166666666667,7.290833333333334,0.48628219211726226,6.889305555555556,6.334166666666667,7.290833333333334,0.31800874230936726,7.571305555555555,7.518333333333333,7.602166666666666,0.04608343379535195,7.529569444444444,7.46575,7.602166666666666,0.055560862940929726,0.8166166666666667,0.7576666666666667,0.9286,0.09702552212920271,0.7567958333333333,0.68145,0.9286,0.0907950365368187,25.844444444444445,23.981666666666666,28.959166666666665,2.714663926065519,24.931249999999995,18.0225,28.959166666666665,3.8403225685553477,1173.6944444444443,1120.3333333333333,1228.1666666666667,53.92525262222108,1140.6250000000002,1021.8333333333334,1228.1666666666667,83.42702649621415,7.173611111111112,6.9,7.4325,0.2665550981886726,6.814305555555556,6.211666666666667,7.4325,0.4534927466854336,64.72111111111111,58.48833333333334,70.4975,6.017577512618377,55.36222222222222,39.61083333333333,70.4975,11.657911580013279,18,1,1
2023-01-04 00:00:00+00:00,28.203333333333333,26.85,31.27,1.4966042370727937,32.08083333333334,11.27,57.31,15.07833150784947,6.203333333333333,5.06,8.46,0.9779322651142645,7.38775,6.855,8.004,0.3897717572211622,0.9382833333333332,0.0818,1.466,0.4124134043173258,28.441666666666663,8.24,42.22,13.414211482490115,1171.9166666666667,918.0,1492.0,213.08191268888007,7.878333333333333,81.39666666666666,88.63083333333333,7.234166666666667,28.57,28.118333333333336,27.5775,30.949166666666667,33.219166666666666,30.27833333333333,7.301666666666667,6.964166666666666,6.334166666666667,7.316083333333334,7.602166666666666,7.518333333333333,0.8272,0.9286,0.7576666666666667,27.045,24.5925,28.959166666666665,1223.8333333333333,1228.1666666666667,1172.5833333333333,7.626666666666666,7.4325,7.1883333333333335,76.35666666666667,70.4975,65.1775,28.08861111111111,27.5775,28.57,0.49691711619783424,28.167777777777776,27.5775,28.735,0.42684425557634126,31.48222222222222,30.27833333333333,33.219166666666666,1.5411801784971926,34.84569444444445,30.27833333333333,43.37166666666667,5.346547157243599,6.866666666666667,6.334166666666667,7.301666666666667,0.4910638960461247,6.9750000000000005,6.334166666666667,7.301666666666667,0.35249507482768944,7.478861111111112,7.316083333333334,7.602166666666666,0.14706957757520162,7.504625,7.316083333333334,7.602166666666666,0.10315531372643877,0.8378222222222224,0.7576666666666667,0.9286,0.0859603095318692,0.7810874999999999,0.6880333333333333,0.9286,0.08597433915451502,26.865555555555556,24.5925,28.959166666666665,2.188856933635885,24.90319444444445,18.0225,28.959166666666665,3.820882075903803,1208.1944444444446,1172.5833333333333,1228.1666666666667,30.916142553209323,1140.2777777777778,1021.8333333333334,1228.1666666666667,83.00431157922311,7.415833333333333,7.1883333333333335,7.626666666666666,0.21964143760027158,7.050138888888889,6.47,7.626666666666666,0.44527095891362045,70.67722222222223,65.1775,76.35666666666667,5.59174989588663,61.48652777777778,46.01499999999999,76.35666666666667,11.376750383233686,0,2,1
2023-01-04 06:00:00+00:00,29.05,26.91,31.09,1.418981709152408,26.265833333333333,10.99,50.0,14.261471592009606,7.100833333333334,5.31,8.47,1.1371612049575937,7.363833333333333,6.814,8.181,0.4200904303801385,0.7121833333333333,0.0186,1.2286,0.3899006909302403,28.55666666666667,10.3,44.02,11.372320730083144,1163.0833333333333,959.0,1464.0,156.9854992338368,8.149166666666666,88.63083333333333,95.14083333333332,6.510000000000005,28.203333333333333,28.57,28.118333333333336,32.08083333333334,30.949166666666667,33.219166666666666,6.203333333333333,7.301666666666667,6.964166666666666,7.38775,7.316083333333334,7.602166666666666,0.9382833333333332,0.8272,0.9286,28.441666666666663,27.045,24.5925,1171.9166666666667,1223.8333333333333,1228.1666666666667,7.878333333333333,7.626666666666666,7.4325,81.39666666666666,76.35666666666667,70.4975,28.29722222222222,28.118333333333336,28.57,0.24002507585049848,28.21875,27.5775,28.735,0.40585840100541165,32.08305555555555,30.949166666666667,33.219166666666666,1.1350016315863818,33.605555555555554,30.27833333333333,43.37166666666667,4.888351592949939,6.823055555555555,6.203333333333333,7.301666666666667,0.5625995796630463,6.853055555555557,6.203333333333333,7.301666666666667,0.47453359167674314,7.4353333333333325,7.316083333333334,7.602166666666666,0.14885915696090504,7.486361111111111,7.316083333333334,7.602166666666666,0.11385101944923329,0.8980277777777778,0.8272,0.9382833333333332,0.06152944266621243,0.8227958333333333,0.7214416666666666,0.9382833333333332,0.09227337279187803,26.693055555555556,24.5925,28.441666666666663,1.9485686223291925,26.63972222222222,23.981666666666666,28.959166666666665,2.0039638959562867,1207.9722222222224,1171.9166666666667,1228.1666666666667,31.300107975201037,1165.2916666666667,1074.9166666666667,1228.1666666666667,59.44130508325007,7.645833333333333,7.4325,7.878333333333333,0.22353380306144865,7.284861111111112,6.683333333333334,7.878333333333333,0.4494683330418412,76.08361111111111,70.4975,81.39666666666666,5.454711542259509,67.38347222222222,52.384166666666665,81.39666666666666,10.913789282583302,6,2,1
2023-01-04 12:00:00+00:00,27.425833333333333,26.13,28.59,0.8524665638159907,32.5725,10.65,54.82,16.114014862845323,6.4425,5.2,8.3,0.9784972244119134,7.326416666666667,6.844,7.921,0.4021260449916246,0.690025,0.1191,1.2964,0.3248126736359674,21.87333333333333,6.03,43.63,13.395352880304378,1163.75,912.0,1485.0,218.57394213816565,8.379166666666666,95.14083333333332,99.80166666666666,4.660833333333329,29.05,28.203333333333333,28.57,26.265833333333333,32.08083333333334,30.949166666666667,7.100833333333334,6.203333333333333,7.301666666666667,7.363833333333333,7.38775,7.316083333333334,0.7121833333333333,0.9382833333333332,0.8272,28.55666666666667,28.441666666666663,27.045,1163.0833333333333,1171.9166666666667,1223.8333333333333,8.149166666666666,7.878333333333333,7.626666666666666,88.63083333333333,81.39666666666666,76.35666666666667,28.60777777777778,28.203333333333333,29.05,0.4245956682321202,28.27125,27.5775,29.05,0.4962922945872421,29.765277777777783,26.265833333333333,32.08083333333334,3.0829776071074466,30.754583333333333,26.265833333333333,33.219166666666666,2.41686767842176,6.868611111111111,6.203333333333333,7.301666666666667,0.5848327950347415,6.865833333333334,6.203333333333333,7.301666666666667,0.48105006669437966,7.355888888888889,7.316083333333334,7.38775,0.03648785312849258,7.463597222222223,7.316083333333334,7.602166666666666,0.12370659077774303,0.825888888888889,0.7121833333333333,0.9382833333333332,0.11305570202010698,0.8212527777777779,0.7121833333333333,0.9382833333333332,0.09436106036370602,28.014444444444447,27.045,28.55666666666667,0.8415302419688173,26.929444444444442,23.981666666666666,28.959166666666665,2.1549244422605307,1186.2777777777776,1163.0833333333333,1223.8333333333333,32.82258002137011,1179.986111111111,1120.3333333333333,1228.1666666666667,40.516711801245634,7.884722222222222,7.626666666666666,8.149166666666666,0.26130858372034066,7.529166666666666,6.9,8.149166666666666,0.4554527661813321,82.12805555555555,76.35666666666667,88.63083333333333,6.169683064823528,73.42458333333333,58.48833333333334,88.63083333333333,10.982304210132293,12,2,1
2023-01-04 18:00:00+00:00,27.9425,25.77,30.54,1.61701815922788,32.44,11.33,54.63,12.941284887732536,7.105833333333333,5.54,8.48,1.186388395190388,7.652,6.873,8.111,0.4282106533429122,0.8292916666666666,0.0482,1.4337,0.3725783296736731,21.3875,7.45,36.23,9.580271513518149,1189.9166666666667,838.0,1460.0,206.653182600191,8.65,99.80166666666666,106.68083333333334,6.879166666666677,27.425833333333333,29.05,28.203333333333333,32.5725,26.265833333333333,32.08083333333334,6.4425,7.100833333333334,6.203333333333333,7.326416666666667,7.363833333333333,7.38775,0.690025,0.7121833333333333,0.9382833333333332,21.87333333333333,28.55666666666667,28.441666666666663,1163.75,1163.0833333333333,1171.9166666666667,8.379166666666666,8.149166666666666,7.878333333333333,95.14083333333332,88.63083333333333,81.39666666666666,28.22638888888889,27.425833333333333,29.05,0.812328756883112,28.157500000000002,27.425833333333333,29.05,0.6069733656979271,30.30638888888889,26.265833333333333,32.5725,3.5078484753372625,30.894305555555558,26.265833333333333,33.219166666666666,2.507363179864563,6.582222222222222,6.203333333333333,7.100833333333334,0.4647776748479168,6.724444444444444,6.203333333333333,7.301666666666667,0.4551235078606768,7.359333333333333,7.326416666666667,7.38775,0.03091329721082821,7.419097222222223,7.316083333333334,7.602166666666666,0.11541275464689917,0.7801638888888888,0.690025,0.9382833333333332,0.13738292094577326,0.8089930555555555,0.690025,0.9382833333333332,0.10725036938769164,26.290555555555557,21.87333333333333,28.55666666666667,3.8258587755392064,26.578055555555554,21.87333333333333,28.959166666666665,2.80544176886966,1166.25,1163.0833333333333,1171.9166666666667,4.918784854456875,1187.2222222222222,1163.0833333333333,1228.1666666666667,30.328235224817444,8.135555555555555,7.878333333333333,8.379166666666666,0.25069394429006253,7.7756944444444445,7.1883333333333335,8.379166666666666,0.44703014336180974,88.38944444444444,81.39666666666666,95.14083333333332,6.875262234056019,79.53333333333333,65.1775,95.14083333333332,11.20408871300515,18,2,1
2023-01-05 00:00:00+00:00,29.03333333333333,26.67,30.95,1.653950275900552,39.248333333333335,17.01,57.42,13.122562688558649,7.1125,5.32,8.34,1.0542392776525895,7.474916666666666,6.884,8.166,0.4557633872433315,0.6148416666666666,0.0213,1.4023,0.5414310422949593,21.1625,7.31,44.79,14.13095256713239,1211.6666666666667,1002.0,1462.0,183.14044949825868,8.825833333333334,106.68083333333334,111.98,5.299166666666665,27.9425,27.425833333333333,29.05,32.44,32.5725,26.265833333333333,7.105833333333333,6.4425,7.100833333333334,7.652,7.326416666666667,7.363833333333333,0.8292916666666666,0.690025,0.7121833333333333,21.3875,21.87333333333333,28.55666666666667,1189.9166666666667,1163.75,1163.0833333333333,8.65,8.379166666666666,8.149166666666666,99.80166666666666,95.14083333333332,88.63083333333333,28.139444444444447,27.425833333333333,29.05,0.829800985734489,28.218333333333334,27.425833333333333,29.05,0.5531191854684999,30.426111111111112,26.265833333333333,32.5725,3.6035152911710697,31.254583333333333,26.265833333333333,33.219166666666666,2.555985119392396,6.883055555555555,6.4425,7.105833333333333,0.38154049345796576,6.853055555555556,6.203333333333333,7.301666666666667,0.43118044259228,7.447416666666666,7.326416666666667,7.652,0.17815935828478016,7.441375000000001,7.316083333333334,7.652,0.14698205436568004,0.7438333333333333,0.690025,0.8292916666666666,0.07483376902248838,0.8209305555555556,0.690025,0.9382833333333332,0.10434157431067273,23.939166666666665,21.3875,28.55666666666667,4.006243651407698,25.316111111111113,21.3875,28.55666666666667,3.1959246473989116,1172.25,1163.0833333333333,1189.9166666666667,15.303412836502725,1190.111111111111,1163.0833333333333,1228.1666666666667,29.468281755637424,8.392777777777779,8.149166666666666,8.65,0.2506939442900647,8.019305555555556,7.4325,8.65,0.4609812651853206,94.52444444444444,88.63083333333333,99.80166666666666,5.6108672045448555,85.30402777777778,70.4975,99.80166666666666,11.247825733307408,0,3,1
2023-01-05 06:00:00+00:00,30.64,30.64,30.64,0.0,11.12,11.12,11.12,0.0,6.93,6.93,6.93,0.0,7.272,7.272,7.272,0.0,0.3926,0.3926,0.3926,0.0,7.49,7.49,7.49,0.0,1262.0,1262.0,1262.0,0.0,8.87,111.98,81.16125,-30.81875000000001,29.03333333333333,27.9425,27.425833333333333,39.248333333333335,32.44,32.5725,7.1125,7.105833333333333,6.4425,7.474916666666666,7.652,7.326416666666667,0.6148416666666666,0.8292916666666666,0.690025,21.1625,21.3875,21.87333333333333,1211.6666666666667,1189.9166666666667,1163.75,8.825833333333334,8.65,8.379166666666666,106.68083333333334,99.80166666666666,95.14083333333332,28.13388888888889,27.425833333333333,29.03333333333333,0.8206621366875616,28.370833333333334,27.425833333333333,29.05,0.6394359493595401,34.75361111111111,32.44,39.248333333333335,3.8931073647799357,32.25944444444445,26.265833333333333,39.248333333333335,4.162866222350298,6.8869444444444445,6.4425,7.1125,0.38491461294585705,6.877777777777777,6.203333333333333,7.301666666666667,0.4429179340422971,7.484444444444445,7.326416666666667,7.652,0.16300064615868295,7.420166666666667,7.316083333333334,7.652,0.12695742943557545,0.711386111111111,0.6148416666666666,0.8292916666666666,0.10880911462706601,0.7686375,0.6148416666666666,0.9382833333333332,0.11739536579321277,21.474444444444444,21.1625,21.87333333333333,0.36330498105494297,24.744444444444444,21.1625,28.55666666666667,3.6287112675112305,1188.4444444444446,1163.75,1211.6666666666667,23.992234468986073,1187.361111111111,1163.0833333333333,1223.8333333333333,25.740784039398793,8.618333333333334,8.379166666666666,8.825833333333334,0.22501080220984465,8.25152777777778,7.626666666666666,8.825833333333334,0.45718748180426644,100.5411111111111,95.14083333333332,106.68083333333334,5.805427078589037,91.33458333333333,76.35666666666667,106.68083333333334,11.420130189348423,6,3,1
2023-05-01 06:00:00+00:00,28.5025,26.51,30.36,1.5113640953031229,37.0575,15.14,54.79,13.895640374900731,7.1325,5.81,8.38,1.0748787307014154,7.502375,6.828,8.175,0.5464696926637376,0.693225,0.0297,1.3277,0.4114681579417781,25.36875,5.23,42.34,12.004091489987903,1227.25,1036.0,1442.0,145.98018456528368,8.032499999999999,81.16125,86.81416666666667,5.65291666666667,30.64,29.03333333333333,27.9425,11.12,39.248333333333335,32.44,6.93,7.1125,7.105833333333333,7.272,7.474916666666666,7.652,0.3926,0.6148416666666666,0.8292916666666666,7.49,21.1625,21.3875,1262.0,1211.6666666666667,1189.9166666666667,8.87,8.825833333333334,8.65,111.98,106.68083333333334,99.80166666666666,29.205277777777777,27.9425,30.64,1.3569451836686242,28.715833333333332,27.425833333333333,30.64,1.1348737080985432,27.602777777777778,11.12,39.248333333333335,14.674802320581636,28.954583333333332,11.12,39.248333333333335,9.656851637136525,7.049444444444444,6.93,7.1125,0.10349561629650345,6.815833333333333,6.203333333333333,7.1125,0.39519720815478143,7.466305555555556,7.272,7.652,0.19014629479936215,7.412819444444445,7.272,7.652,0.13519399042226896,0.6122444444444445,0.3926,0.8292916666666666,0.21835741825383817,0.6962041666666666,0.3926,0.9382833333333332,0.18729840783196447,16.68,7.49,21.3875,7.959568534160641,21.485277777777778,7.49,28.55666666666667,7.6749986367473735,1221.1944444444446,1189.9166666666667,1262.0,36.974121330305074,1193.7222222222224,1163.0833333333333,1262.0,38.23845746927605,8.781944444444443,8.65,8.87,0.1163815961650853,8.45875,7.878333333333333,8.87,0.39484481832178575,106.15416666666668,99.80166666666666,111.98,6.106225022694275,97.27180555555555,81.39666666666666,111.98,11.335682273941057,6,0,5
2023-05-01 12:00:00+00:00,28.688333333333333,26.98,31.31,1.6528973643180924,41.36333333333334,14.14,57.15,16.098163268089333,7.28,5.16,8.36,0.9033775008770744,7.446416666666667,6.917,8.109,0.3686941226282377,0.8226833333333333,0.4522,1.2958,0.2813228712330156,23.264166666666668,5.55,43.45,15.45597822458313,1096.25,805.0,1498.0,224.24585736520203,8.284166666666666,86.81416666666667,93.42916666666667,6.615000000000009,28.5025,30.64,29.03333333333333,37.0575,11.12,39.248333333333335,7.1325,6.93,7.1125,7.502375,7.272,7.474916666666666,0.693225,0.3926,0.6148416666666666,25.36875,7.49,21.1625,1227.25,1262.0,1211.6666666666667,8.032499999999999,8.87,8.825833333333334,81.16125,111.98,106.68083333333334,29.391944444444448,28.5025,30.64,1.1129591229058007,28.76569444444444,27.425833333333333,30.64,1.1142378332627545,29.141944444444448,11.12,39.248333333333335,15.645855644310178,29.784027777777776,11.12,39.248333333333335,10.178701966697501,7.058333333333334,6.93,7.1325,0.11158890327148994,6.970694444444444,6.4425,7.1325,0.26912224435636656,7.4164305555555545,7.272,7.502375,0.12583174897825275,7.431923611111112,7.272,7.652,0.13898847478365042,0.5668888888888889,0.3926,0.693225,0.15594373770274933,0.6553611111111111,0.3926,0.8292916666666666,0.14615135254882816,18.00708333333333,7.49,25.36875,9.347722511169952,20.973125,7.49,28.55666666666667,7.206167187777038,1233.638888888889,1211.6666666666667,1262.0,25.767703371410647,1202.9444444444443,1163.0833333333333,1262.0,38.598527125996625,8.57611111111111,8.032499999999999,8.87,0.47129868841713357,8.484444444444444,8.032499999999999,8.87,0.35223755662380024,99.94069444444445,81.16125,111.98,16.47789252519142,97.23256944444444,81.16125,111.98,11.401834868224906,12,0,5
2023-05-01 18:00:00+00:00,28.554166666666664,26.56,31.19,1.3856961383646809,36.79583333333333,12.11,56.82,16.841653156997566,6.7941666666666665,5.0,8.47,1.2279136654085132,7.588583333333333,6.901,8.187,0.4610135983664557,0.5918583333333333,0.1864,1.3237,0.3828747159399019,21.83666666666667,5.21,42.54,11.733570589887751,1219.6666666666667,926.0,1438.0,146.94175304479936,8.580833333333333,93.42916666666667,98.6025,5.173333333333332,28.688333333333333,28.5025,30.64,41.36333333333334,37.0575,11.12,7.28,7.1325,6.93,7.446416666666667,7.502375,7.272,0.8226833333333333,0.693225,0.3926,23.264166666666668,25.36875,7.49,1096.25,1227.25,1262.0,8.284166666666666,8.032499999999999,8.87,86.81416666666667,81.16125,111.98,29.27694444444445,28.5025,30.64,1.184091990764478,28.705416666666668,27.425833333333333,30.64,1.1055301330131184,29.846944444444446,11.12,41.36333333333334,16.360283809964688,32.30027777777778,11.12,41.36333333333334,10.970354682135476,7.114166666666667,6.93,7.28,0.17571876204132109,7.000555555555555,6.4425,7.28,0.2951330522298698,7.406930555555555,7.272,7.502375,0.12015625195660615,7.445687499999999,7.272,7.652,0.13492670270990426,0.6361694444444445,0.3926,0.8226833333333333,0.22064546385002506,0.6737777777777777,0.3926,0.8292916666666666,0.1609558999873591,18.70763888888889,7.49,25.36875,9.771585563912875,20.091041666666666,7.49,25.36875,6.367331770178757,1195.1666666666667,1096.25,1262.0,87.40864278395651,1191.8055555555557,1096.25,1262.0,57.44489307798164,8.395555555555555,8.032499999999999,8.87,0.4297175536627883,8.506944444444445,8.032499999999999,8.87,0.33015722965930194,93.31847222222223,81.16125,111.98,16.406655081418887,96.92979166666667,81.16125,111.98,11.696259212499223,18,0,5
2023-05-02 00:00:00+00:00,28.611666666666665,26.13,30.77,1.6086235410964544,33.240833333333335,15.24,59.97,15.00788063187491,6.6308333333333325,5.11,8.47,1.108836067343782,7.553333333333334,6.816,8.171,0.4997507257411314,0.8865083333333333,0.3135,1.4795,0.3673677806883434,27.4925,19.86,39.74,6.595912129355714,1155.75,857.0,1485.0,188.079830729594,8.764166666666666,98.6025,104.2325,5.629999999999996,28.554166666666664,28.688333333333333,28.5025,36.79583333333333,41.36333333333334,37.0575,6.7941666666666665,7.28,7.1325,7.588583333333333,7.446416666666667,7.502375,0.5918583333333333,0.8226833333333333,0.693225,21.83666666666667,23.264166666666668,25.36875,1219.6666666666667,1096.25,1227.25,8.580833333333333,8.284166666666666,8.032499999999999,93.42916666666667,86.81416666666667,81.16125,28.581666666666667,28.5025,28.688333333333333,0.09592025043985539,28.89347222222222,27.9425,30.64,0.9256714404910337,38.40555555555556,36.79583333333333,41.36333333333334,2.5648497808153015,33.00416666666667,11.12,41.36333333333334,11.125705071290234,7.068888888888889,6.7941666666666665,7.28,0.24908489925532978,7.059166666666667,6.7941666666666665,7.28,0.17092477227651473,7.512458333333332,7.446416666666667,7.588583333333333,0.07161770371989809,7.489381944444443,7.272,7.652,0.13096910793693503,0.7025888888888888,0.5918583333333333,0.8226833333333333,0.11569704822333493,0.6574166666666666,0.3926,0.8292916666666666,0.16393578993685984,23.48986111111111,21.83666666666667,25.36875,1.7768248802548259,20.084930555555555,7.49,25.36875,6.365296353495573,1181.0555555555557,1096.25,1227.25,73.54157617243398,1201.125,1096.25,1262.0,56.5112267607066,8.299166666666665,8.032499999999999,8.580833333333333,0.2744742448957939,8.540555555555555,8.032499999999999,8.87,0.32476857857501923,87.1348611111111,81.16125,93.42916666666667,6.140242546519858,96.64451388888888,81.16125,111.98,11.769265914568537,0,1,5
2023-05-02 06:00:00+00:00,28.0,26.34,30.56,1.499703000900208,34.85166666666667,10.14,53.29,14.509316025063052,7.27,5.1,8.41,1.104651323022131,7.519249999999999,6.904,8.096,0.3602766929105261,0.882375,0.043,1.4708,0.4551637929461118,30.973333333333333,7.18,43.97,13.123489234840315,1134.4166666666667,801.0,1498.0,199.816032814429,9.011666666666668,104.2325,111.99583333333334,7.763333333333335,28.611666666666665,28.554166666666664,28.688333333333333,33.240833333333335,36.79583333333333,41.36333333333334,6.6308333333333325,6.7941666666666665,7.28,7.553333333333334,7.588583333333333,7.446416666666667,0.8865083333333333,0.5918583333333333,0.8226833333333333,27.4925,21.83666666666667,23.264166666666668,1155.75,1219.6666666666667,1096.25,8.764166666666666,8.580833333333333,8.284166666666666,98.6025,93.42916666666667,86.81416666666667,28.618055555555554,28.554166666666664,28.688333333333333,0.06731112119878085,29.005,28.5025,30.64,0.8227725823228595,37.13333333333333,33.240833333333335,41.36333333333334,4.071754075334136,33.13763888888889,11.12,41.36333333333334,11.122386477239225,6.901666666666666,6.6308333333333325,7.28,0.33767073870529185,6.9799999999999995,6.6308333333333325,7.28,0.2407338318096949,7.529444444444445,7.446416666666667,7.588583333333333,0.07403275989072,7.4729375,7.272,7.588583333333333,0.11116399219046816,0.7670166666666667,0.5918583333333333,0.8865083333333333,0.1550120606866878,0.6669527777777778,0.3926,0.8865083333333333,0.177071210382423,24.197777777777777,21.83666666666667,27.4925,2.9412301769333964,21.102430555555557,7.49,27.4925,7.064680442253378,1157.2222222222224,1096.25,1219.6666666666667,61.721503396154176,1195.4305555555554,1096.25,1262.0,59.50848251082144,8.543055555555554,8.284166666666666,8.764166666666666,0.24221967378884862,8.559583333333332,8.032499999999999,8.87,0.3356261768032469,92.9486111111111,86.81416666666667,98.6025,5.908840912220093,96.44465277777778,81.16125,111.98,11.714986385018044,6,1,5
2023-05-02 12:00:00+00:00,28.80333333333333,26.75,30.69,1.408140833177068,39.3725,11.8,58.73,17.228925004717556,6.703333333333333,5.5,8.16,0.9026761558965888,7.465416666666667,6.896,7.785,0.3003962408472375,1.0571666666666666,0.3406,1.4276,0.3143140911234937,23.5675,6.69,42.95,12.488922455156374,1206.0833333333333,812.0,1460.0,227.89768770350884,9.206666666666669,111.99583333333334,117.56333333333332,5.567499999999996,28.0,28.611666666666665,28.554166666666664,34.85166666666667,33.240833333333335,36.79583333333333,7.27,6.6308333333333325,6.7941666666666665,7.519249999999999,7.553333333333334,7.588583333333333,0.882375,0.8865083333333333,0.5918583333333333,30.973333333333333,27.4925,21.83666666666667,1134.4166666666667,1155.75,1219.6666666666667,9.011666666666668,8.764166666666666,8.580833333333333,104.2325,98.6025,93.42916666666667,28.388611111111107,28.0,28.611666666666665,0.33777286637511433,28.83277777777778,28.0,30.64,0.918262802292502,34.962777777777774,33.240833333333335,36.79583333333333,1.7801026681793883,32.40486111111111,11.12,41.36333333333334,10.778802621306038,6.8983333333333325,6.6308333333333325,7.27,0.3320715702642689,7.0062500000000005,6.6308333333333325,7.28,0.26539527647977923,7.5537222222222224,7.519249999999999,7.588583333333333,0.03466830257892166,7.480326388888888,7.272,7.588583333333333,0.11278344052217391,0.7869138888888889,0.5918583333333333,0.8865083333333333,0.16893570796585888,0.7115416666666666,0.3926,0.8865083333333333,0.1941819865916163,26.7675,21.83666666666667,30.973333333333333,4.6112783687871515,22.737569444444443,7.49,30.973333333333333,8.135571116402726,1169.9444444444446,1134.4166666666667,1219.6666666666667,44.36217211560763,1182.5555555555554,1096.25,1262.0,63.51501718024959,8.785555555555556,8.580833333333333,9.011666666666668,0.21621159474854754,8.590555555555556,8.032499999999999,9.011666666666668,0.371741646647051,98.75472222222221,93.42916666666667,104.2325,5.403275069944282,96.03659722222221,81.16125,111.98,11.323220796028071,12,1,5
2023-05-02 18:00:00+00:00,28.724166666666665,26.59,31.35,1.4800396698205165,33.765,12.15,51.17,14.221664970932714,6.8325,5.11,8.11,0.9932144783479544,7.341833333333334,6.803,8.115,0.4275923788191768,0.8051666666666666,0.1998,1.3125,0.3676389566194562,29.118333333333336,6.0,43.14,11.585013699786568,1201.6666666666667,942.0,1491.0,175.8161918974852,9.4625,117.56333333333332,122.71416666666666,5.150833333333324,28.80333333333333,28.0,28.611666666666665,39.3725,34.85166666666667,33.240833333333335,6.703333333333333,7.27,6.6308333333333325,7.465416666666667,7.519249999999999,7.553333333333334,1.0571666666666666,0.882375,0.8865083333333333,23.5675,30.973333333333333,27.4925,1206.0833333333333,1134.4166666666667,1155.75,9.206666666666669,9.011666666666668,8.764166666666666,111.99583333333334,104.2325,98.6025,28.471666666666664,28.0,28.80333333333333,0.4195665753025509,28.526666666666667,28.0,28.80333333333333,0.27879153900760023,35.821666666666665,33.240833333333335,39.3725,3.1788376850317346,37.11361111111111,33.240833333333335,41.36333333333334,2.9455610513800985,6.8680555555555545,6.6308333333333325,7.27,0.34997652037645915,6.968472222222222,6.6308333333333325,7.28,0.2931056960792041,7.512666666666667,7.465416666666667,7.553333333333334,0.04432651889984014,7.5125625000000005,7.446416666666667,7.588583333333333,0.05326900906145262,0.9420166666666666,0.882375,1.0571666666666666,0.0997442378591917,0.8223027777777777,0.5918583333333333,1.0571666666666666,0.16288519335090867,27.344444444444445,23.5675,30.973333333333333,3.705135918684465,25.417152777777776,21.83666666666667,30.973333333333333,3.348342774342373,1165.4166666666667,1134.4166666666667,1206.0833333333333,36.79824875060069,1173.236111111111,1096.25,1227.25,52.71017234385132,8.994166666666668,8.764166666666666,9.206666666666669,0.2217684603364653,8.646666666666667,8.032499999999999,9.206666666666669,0.4412645968627601,104.94361111111111,98.6025,111.99583333333334,6.724924066761174,96.03923611111111,81.16125,111.99583333333334,11.327680515545502,18,1,5
2023-05-03 00:00:00+00:00,29.13,26.94,31.24,1.175685486699722,40.5075,11.57,57.44,17.25307041185318,6.796666666666667,5.17,8.08,1.0194591554824397,7.591416666666667,6.871,8.116,0.3769146173709358,0.5505749999999999,0.0299,1.2734,0.4263894615894552,23.579166666666666,7.66,41.63,12.007545702094111,1108.5833333333333,800.0,1493.0,256.9741615356877,9.723333333333334,122.71416666666666,128.465,5.750833333333347,28.724166666666665,28.80333333333333,28.0,33.765,39.3725,34.85166666666667,6.8325,6.703333333333333,7.27,7.341833333333334,7.465416666666667,7.519249999999999,0.8051666666666666,1.0571666666666666,0.882375,29.118333333333336,23.5675,30.973333333333333,1201.6666666666667,1206.0833333333333,1134.4166666666667,9.4625,9.206666666666669,9.011666666666668,117.56333333333332,111.99583333333334,104.2325,28.50916666666667,28.0,28.80333333333333,0.4427243624549143,28.563611111111104,28.0,28.80333333333333,0.2894327146269064,35.996388888888895,33.765,39.3725,2.973853692944086,36.56486111111111,33.240833333333335,41.36333333333334,3.2491518302075,6.935277777777777,6.703333333333333,7.27,0.2969852378174395,6.9184722222222215,6.6308333333333325,7.28,0.28500458898189934,7.442166666666666,7.341833333333334,7.519249999999999,0.0909647749284197,7.485805555555555,7.341833333333334,7.588583333333333,0.08824624113283394,0.9149027777777777,0.8051666666666666,1.0571666666666666,0.12911058146166912,0.8409597222222222,0.5918583333333333,1.0571666666666666,0.1511304173201139,27.886388888888888,23.5675,30.973333333333333,3.853551242156481,26.042083333333334,21.83666666666667,30.973333333333333,3.6717887235726954,1180.7222222222224,1134.4166666666667,1206.0833333333333,40.16254589281622,1168.9722222222222,1096.25,1219.6666666666667,48.31878133427641,9.226944444444447,9.011666666666668,9.4625,0.22609967893568433,8.885,8.284166666666666,9.4625,0.42921763451399214,111.26388888888887,104.2325,117.56333333333332,6.695490000186134,102.10624999999999,86.81416666666667,117.56333333333332,11.512272361725797,0,2,5
2023-05-03 06:00:00+00:00,28.521666666666665,25.63,30.67,1.5774538364277435,29.47833333333333,13.82,52.86,12.141865090618811,6.498333333333334,5.16,8.26,0.9142988703057792,7.60025,6.918,8.046,0.3752291723975918,0.8234416666666666,0.0738,1.4839,0.4879572754366054,27.255,10.01,44.05,11.104068459967111,1112.9166666666667,841.0,1482.0,199.6494465686081,9.949166666666668,128.465,134.02666666666667,5.561666666666667,29.13,28.724166666666665,28.80333333333333,40.5075,33.765,39.3725,6.796666666666667,6.8325,6.703333333333333,7.591416666666667,7.341833333333334,7.465416666666667,0.5505749999999999,0.8051666666666666,1.0571666666666666,23.579166666666666,29.118333333333336,23.5675,1108.5833333333333,1201.6666666666667,1206.0833333333333,9.723333333333334,9.4625,9.206666666666669,122.71416666666666,117.56333333333332,111.99583333333334,28.885833333333334,28.724166666666665,29.13,0.21512754614670726,28.63722222222222,28.0,29.13,0.37191010960934245,37.88166666666667,33.765,40.5075,3.6100227954035833,36.42222222222222,33.240833333333335,40.5075,3.0060581732130096,6.7775,6.703333333333333,6.8325,0.06668228983602975,6.837916666666666,6.6308333333333325,7.27,0.22420399317486753,7.466222222222222,7.341833333333334,7.591416666666667,0.12479361666070757,7.509972222222223,7.341833333333334,7.591416666666667,0.0949052695332847,0.8043027777777777,0.5505749999999999,1.0571666666666666,0.2532969382208104,0.7956083333333334,0.5505749999999999,1.0571666666666666,0.1927956352519999,25.421666666666667,23.5675,29.118333333333336,3.2014125571552086,26.094583333333333,21.83666666666667,30.973333333333333,3.626093273835576,1172.111111111111,1108.5833333333333,1206.0833333333333,55.060972095924136,1171.0277777777778,1108.5833333333333,1219.6666666666667,44.73581918908507,9.464166666666667,9.206666666666669,9.723333333333334,0.2583373655599368,9.12486111111111,8.580833333333333,9.723333333333334,0.4284252225258268,117.42444444444443,111.99583333333334,122.71416666666666,5.360516295442406,108.08958333333332,93.42916666666667,122.71416666666666,11.302201773572932,6,2,5
2023-05-03 12:00:00+00:00,27.7925,25.66,30.36,1.6805795807615689,37.575833333333335,21.16,53.96,9.445361977118075,6.53,5.04,8.09,1.013033249028068,7.519583333333333,6.841,8.195,0.4654646668229568,0.7461333333333333,0.0775,1.3946,0.4326402900864187,27.1625,10.12,42.63,10.27232037609278,1206.9166666666667,991.0,1413.0,137.5516156564399,10.1925,134.02666666666667,139.70416666666668,5.677500000000009,28.521666666666665,29.13,28.724166666666665,29.47833333333333,40.5075,33.765,6.498333333333334,6.796666666666667,6.8325,7.60025,7.591416666666667,7.341833333333334,0.8234416666666666,0.5505749999999999,0.8051666666666666,27.255,23.579166666666666,29.118333333333336,1112.9166666666667,1108.5833333333333,1201.6666666666667,9.949166666666668,9.723333333333334,9.4625,128.465,122.71416666666666,117.56333333333332,28.791944444444443,28.521666666666665,29.13,0.3097785200453321,28.631805555555555,28.0,29.13,0.3735945576671613,34.58361111111111,29.47833333333333,40.5075,5.559966047891282,35.20263888888889,29.47833333333333,40.5075,4.106960805776597,6.709166666666667,6.498333333333334,6.8325,0.1834639686090315,6.78861111111111,6.498333333333334,7.27,0.26463321926912564,7.511166666666668,7.341833333333334,7.60025,0.1467134631783258,7.511916666666667,7.341833333333334,7.60025,0.09693578917109226,0.7263944444444443,0.5505749999999999,0.8234416666666666,0.15253803358446336,0.8342055555555555,0.5505749999999999,1.0571666666666666,0.16502905406377727,26.650833333333335,23.579166666666666,29.118333333333336,2.8185731959824976,26.997638888888886,23.5675,30.973333333333333,2.968717522239514,1141.0555555555557,1108.5833333333333,1201.6666666666667,52.53545980608742,1153.236111111111,1108.5833333333333,1206.0833333333333,42.704488986868945,9.711666666666668,9.4625,9.949166666666668,0.24354300327549555,9.352916666666667,8.764166666666666,9.949166666666668,0.44479169594067797,122.91416666666665,117.56333333333332,128.465,5.453584511839681,113.92888888888888,98.6025,128.465,11.263602229534936,12,2,5
2023-05-03 18:00:00+00:00,29.1725,27.02,31.04,1.2533237628583662,36.32083333333333,12.99,56.87,14.80410413508444,6.685833333333334,5.44,8.5,1.0898828822262037,7.402583333333333,6.822,8.076,0.3907511317574103,0.6246,0.0318,1.1402,0.3945133066081664,18.71333333333333,5.35,44.41,13.479692020580329,1021.4166666666666,805.0,1467.0,188.84744123393904,10.433333333333334,139.70416666666668,147.44166666666666,7.737499999999983,27.7925,28.521666666666665,29.13,37.575833333333335,29.47833333333333,40.5075,6.53,6.498333333333334,6.796666666666667,7.519583333333333,7.60025,7.591416666666667,0.7461333333333333,0.8234416666666666,0.5505749999999999,27.1625,27.255,23.579166666666666,1206.9166666666667,1112.9166666666667,1108.5833333333333,10.1925,9.949166666666668,9.723333333333334,134.02666666666667,128.465,122.71416666666666,28.481388888888887,27.7925,29.13,0.669659082695842,28.495277777777773,27.7925,29.13,0.5079475767643197,35.85388888888889,29.47833333333333,40.5075,5.71265689872871,35.92513888888889,29.47833333333333,40.5075,4.073989902644807,6.608333333333334,6.498333333333334,6.796666666666667,0.16386817194859768,6.771805555555556,6.498333333333334,7.27,0.27944409929291747,7.570416666666667,7.519583333333333,7.60025,0.04424395752843325,7.506291666666667,7.341833333333334,7.60025,0.0950119254210883,0.7067166666666665,0.5505749999999999,0.8234416666666666,0.1406389336306908,0.810809722222222,0.5505749999999999,1.0571666666666666,0.16607822800454483,25.99888888888889,23.579166666666666,27.255,2.0960512367394415,26.94263888888889,23.5675,30.973333333333333,2.9607620742277234,1142.8055555555557,1108.5833333333333,1206.9166666666667,55.56411045243467,1161.763888888889,1108.5833333333333,1206.9166666666667,48.07766912526547,9.955000000000002,9.723333333333334,10.1925,0.23463772312037418,9.590972222222224,9.011666666666668,10.1925,0.44887619447122423,128.40194444444444,122.71416666666666,134.02666666666667,5.656513596272389,119.83291666666666,104.2325,134.02666666666667,10.901567659311867,18,2,5
2023-05-04 00:00:00+00:00,28.55666666666667,26.18,31.09,2.0255160210462804,39.9925,20.25,59.51,10.68432847679254,6.655833333333334,5.07,8.32,0.8635703722794033,7.524666666666666,7.089,8.183,0.3613900771725584,0.7760083333333333,0.2464,1.2804,0.327297213993457,24.155,5.82,44.01,12.9944432179857,1100.0833333333333,827.0,1475.0,208.3814065747244,10.7025,147.44166666666666,153.0425,5.600833333333327,29.1725,27.7925,28.521666666666665,36.32083333333333,37.575833333333335,29.47833333333333,6.685833333333334,6.53,6.498333333333334,7.402583333333333,7.519583333333333,7.60025,0.6246,0.7461333333333333,0.8234416666666666,18.71333333333333,27.1625,27.255,1021.4166666666666,1206.9166666666667,1112.9166666666667,10.433333333333334,10.1925,9.949166666666668,139.70416666666668,134.02666666666667,128.465,28.495555555555555,27.7925,29.1725,0.6903704386723067,28.690694444444443,27.7925,29.1725,0.5048281931802466,34.458333333333336,29.47833333333333,37.575833333333335,4.358217095326952,36.169999999999995,29.47833333333333,40.5075,4.040580610093885,6.57138888888889,6.498333333333334,6.685833333333334,0.10036853387685715,6.674444444444444,6.498333333333334,6.8325,0.13620824198698622,7.507472222222223,7.402583333333333,7.60025,0.0993883143887509,7.486847222222223,7.341833333333334,7.60025,0.10339759314664335,0.7313916666666667,0.6246,0.8234416666666666,0.10023716702290536,0.7678472222222221,0.5505749999999999,1.0571666666666666,0.17685457433429008,24.376944444444444,18.71333333333333,27.255,4.905049151224269,24.899305555555557,18.71333333333333,29.118333333333336,3.7484467678354916,1113.7500000000002,1021.4166666666666,1206.9166666666667,92.75280768436795,1142.9305555555554,1021.4166666666666,1206.9166666666667,75.33739695283886,10.191666666666668,9.949166666666668,10.433333333333334,0.24208440906244347,9.827916666666667,9.206666666666669,10.433333333333334,0.4570712167947421,134.06527777777777,128.465,139.70416666666668,5.619682816111863,125.7448611111111,111.99583333333334,139.70416666666668,10.353819979664266,0,3,5
2023-05-04 06:00:00+00:00,28.51,26.32,30.11,1.336841596654389,41.87916666666667,18.19,59.08,14.987073495839573,6.496666666666666,5.34,8.4,1.130537549803257,7.685083333333334,6.849,8.081,0.3847037723031088,0.8733083333333332,0.2862,1.3043,0.3253807041782212,23.721666666666668,8.06,44.47,12.381676221764405,1109.8333333333333,882.0,1499.0,185.5467759369752,10.900833333333331,153.0425,159.10166666666666,6.05916666666667,28.55666666666667,29.1725,27.7925,39.9925,36.32083333333333,37.575833333333335,6.655833333333334,6.685833333333334,6.53,7.524666666666666,7.402583333333333,7.519583333333333,0.7760083333333333,0.6246,0.7461333333333333,24.155,18.71333333333333,27.1625,1100.0833333333333,1021.4166666666666,1206.9166666666667,10.7025,10.433333333333334,10.1925,147.44166666666666,139.70416666666668,134.02666666666667,28.507222222222225,27.7925,29.1725,0.6913273933635319,28.649583333333336,27.7925,29.1725,0.5038636141523515,37.96305555555556,36.32083333333333,39.9925,1.8662100135876896,36.27333333333333,29.47833333333333,40.5075,4.14542860671045,6.62388888888889,6.53,6.685833333333334,0.08268217820419409,6.666527777777778,6.498333333333334,6.8325,0.1355722610380278,7.482277777777777,7.402583333333333,7.524666666666666,0.06906419785913752,7.496722222222222,7.341833333333334,7.60025,0.10377018768341946,0.7155805555555556,0.6246,0.7760083333333333,0.08019491893597881,0.7209875,0.5505749999999999,0.8234416666666666,0.10915453606266469,23.343611111111112,18.71333333333333,27.1625,4.282623995523897,24.997222222222224,18.71333333333333,29.118333333333336,3.7142165940353364,1109.4722222222222,1021.4166666666666,1206.9166666666667,93.10572445304285,1125.263888888889,1021.4166666666666,1206.9166666666667,69.79048838142991,10.442777777777778,10.1925,10.7025,0.25513113911898183,10.077222222222224,9.4625,10.7025,0.45838747155008147,140.39083333333335,134.02666666666667,147.44166666666666,6.733809440675627,131.6525,117.56333333333332,147.44166666666666,11.030161956099107,6,3,5
2023-05-04 12:00:00+00:00,28.449166666666667,26.63,30.54,1.5478046525399265,34.524166666666666,12.23,56.53,14.273056918119494,6.208333333333333,5.11,7.98,1.0654476936381194,7.3995,6.84,7.899,0.3418858129418491,0.7828083333333332,0.2091,1.4382,0.3233663654245425,22.73583333333333,5.13,44.37,11.679865704655509,1198.9166666666667,936.0,1495.0,166.97656794420067,11.2,159.10166666666666,164.62416666666667,5.522500000000008,28.51,28.55666666666667,29.1725,41.87916666666667,39.9925,36.32083333333333,6.496666666666666,6.655833333333334,6.685833333333334,7.685083333333334,7.524666666666666,7.402583333333333,0.8733083333333332,0.7760083333333333,0.6246,23.721666666666668,24.155,18.71333333333333,1109.8333333333333,1100.0833333333333,1021.4166666666666,10.900833333333331,10.7025,10.433333333333334,153.0425,147.44166666666666,139.70416666666668,28.74638888888889,28.51,29.1725,0.3697599947313157,28.61388888888889,27.7925,29.1725,0.5051077076191767,39.3975,36.32083333333333,41.87916666666667,2.8265325243328276,37.62569444444444,29.47833333333333,41.87916666666667,4.473996858907991,6.612777777777777,6.496666666666666,6.685833333333334,0.10166780509379642,6.610555555555557,6.496666666666666,6.796666666666667,0.12199005727547702,7.537444444444444,7.402583333333333,7.685083333333334,0.1416828013687757,7.553930555555556,7.402583333333333,7.685083333333334,0.09559690279540575,0.7579722222222222,0.6246,0.8733083333333332,0.12533129994287295,0.7323444444444444,0.5505749999999999,0.8733083333333332,0.12240521782935503,22.196666666666662,18.71333333333333,24.155,3.0244260245173566,24.09777777777778,18.71333333333333,27.255,3.123027629412539,1077.111111111111,1021.4166666666666,1109.8333333333333,48.47854145373497,1109.9583333333333,1021.4166666666666,1206.9166666666667,58.90453081045619,10.678888888888887,10.433333333333334,10.900833333333331,0.23464265581075755,10.316944444444445,9.723333333333334,10.900833333333331,0.44860823872489514,146.72944444444445,139.70416666666668,153.0425,6.697628639910302,137.56569444444446,122.71416666666666,153.0425,11.467821373747622,12,3,5
2023-05-04 18:00:00+00:00,27.218333333333334,25.67,29.73,1.193214400709531,41.95,19.02,58.12,12.736516578148615,6.725833333333333,5.06,8.17,0.9285811105056352,7.615416666666666,6.816,8.12,0.4394429238630802,0.9676666666666668,0.1041,1.4751,0.4028324811615715,24.866666666666664,5.63,44.67,13.3992600428893,1254.5,872.0,1453.0,175.56014250496509,11.325,164.62416666666667,170.57916666666668,5.9550000000000125,28.449166666666667,28.51,28.55666666666667,34.524166666666666,41.87916666666667,39.9925,6.208333333333333,6.496666666666666,6.655833333333334,7.3995,7.685083333333334,7.524666666666666,0.7828083333333332,0.8733083333333332,0.7760083333333333,22.73583333333333,23.721666666666668,24.155,1198.9166666666667,1109.8333333333333,1100.0833333333333,11.2,10.900833333333331,10.7025,159.10166666666666,153.0425,147.44166666666666,28.505277777777778,28.449166666666667,28.55666666666667,0.053905352582450584,28.50041666666667,27.7925,29.1725,0.43798996373585813,38.798611111111114,34.524166666666666,41.87916666666667,3.8200830173255955,36.62847222222222,29.47833333333333,41.87916666666667,4.368780099774446,6.453611111111111,6.208333333333333,6.655833333333334,0.22683561922269885,6.5125,6.208333333333333,6.685833333333334,0.16962540428183961,7.536416666666667,7.3995,7.685083333333334,0.14315378774047413,7.521944444444443,7.3995,7.685083333333334,0.11135417303294974,0.8107083333333334,0.7760083333333333,0.8733083333333332,0.054319701766486005,0.7710499999999999,0.6246,0.8733083333333332,0.08418187420368128,23.537499999999998,22.73583333333333,24.155,0.7272871013415448,23.957222222222224,18.71333333333333,27.255,3.169665845806795,1136.2777777777776,1100.0833333333333,1198.9166666666667,54.46547921322187,1125.013888888889,1021.4166666666666,1206.9166666666667,69.13811492357287,10.934444444444443,10.7025,11.2,0.2504472850573365,10.563055555555556,9.949166666666668,11.2,0.4626522772338087,153.19527777777776,147.44166666666666,159.10166666666666,5.831501160682001,143.6302777777778,128.465,159.10166666666666,11.662845548848408,18,3,5
2023-05-05 00:00:00+00:00,28.41583333333333,26.48,29.93,1.0739769621139523,38.689166666666665,15.44,59.75,14.486607268491651,6.773333333333333,5.34,8.37,0.902172462179572,7.520083333333333,6.811,8.094,0.4522528372358527,0.8385166666666667,0.2344,1.3338,0.3959328038335737,28.94666666666667,9.68,41.13,10.701996698435922,1008.0833333333334,804.0,1263.0,134.324206397218,11.594166666666666,170.57916666666668,177.33249999999998,6.753333333333302,27.218333333333334,28.449166666666667,28.51,41.95,34.524166666666666,41.87916666666667,6.725833333333333,6.208333333333333,6.496666666666666,7.615416666666666,7.3995,7.685083333333334,0.9676666666666668,0.7828083333333332,0.8733083333333332,24.866666666666664,22.73583333333333,23.721666666666668,1254.5,1198.9166666666667,1109.8333333333333,11.325,11.2,10.900833333333331,164.62416666666667,159.10166666666666,153.0425,28.059166666666666,27.218333333333334,28.51,0.7288180118825612,28.283194444444447,27.218333333333334,29.1725,0.6810799057107552,39.45111111111112,34.524166666666666,41.95,4.267006035765529,38.70708333333334,34.524166666666666,41.95,3.056194517787706,6.476944444444444,6.208333333333333,6.725833333333333,0.25931310618060555,6.550416666666667,6.208333333333333,6.725833333333333,0.19002540034894716,7.566666666666666,7.3995,7.685083333333334,0.14890225634437054,7.524472222222222,7.3995,7.685083333333334,0.11363601329912427,0.8745944444444445,0.7828083333333332,0.9676666666666668,0.09243587729900643,0.7950875000000001,0.6246,0.9676666666666668,0.11651554244796877,23.77472222222222,22.73583333333333,24.866666666666664,1.0664069779369345,23.559166666666666,18.71333333333333,27.1625,2.8012486303234336,1187.75,1109.8333333333333,1254.5,72.97692748015893,1148.611111111111,1021.4166666666666,1254.5,86.23193315875669,11.141944444444443,10.900833333333331,11.325,0.2179614092584342,10.792361111111111,10.1925,11.325,0.437823980570916,158.92277777777778,153.0425,164.62416666666667,5.792905283220904,149.65680555555556,134.02666666666667,164.62416666666667,11.60132173284882,0,4,5
2023-05-05 06:00:00+00:00,28.8375,26.67,30.71,1.458100414299996,31.468333333333334,10.65,55.97,15.665678660013038,7.014166666666667,5.25,8.33,0.9986669144717908,7.512,6.909,8.065,0.3868706619671605,0.95535,0.1505,1.4512,0.405425221218414,28.69,10.27,43.81,11.990214191733038,1171.75,904.0,1492.0,211.672613851073,11.893333333333333,177.33249999999998,201.26714285714283,23.934642857142848,28.41583333333333,27.218333333333334,28.449166666666667,38.689166666666665,41.95,34.524166666666666,6.773333333333333,6.725833333333333,6.208333333333333,7.520083333333333,7.615416666666666,7.3995,0.8385166666666667,0.9676666666666668,0.7828083333333332,28.94666666666667,24.866666666666664,22.73583333333333,1008.0833333333334,1254.5,1198.9166666666667,11.594166666666666,11.325,11.2,170.57916666666668,164.62416666666667,159.10166666666666,28.027777777777775,27.218333333333334,28.449166666666667,0.7011975536603527,28.387083333333337,27.218333333333334,29.1725,0.6374015719222033,38.387777777777785,34.524166666666666,41.95,3.722079609622895,38.89263888888889,34.524166666666666,41.95,3.0071792068992975,6.569166666666667,6.208333333333333,6.773333333333333,0.3133920600993754,6.590972222222223,6.208333333333333,6.773333333333333,0.2097401942262715,7.511666666666666,7.3995,7.615416666666666,0.10820412166107383,7.524555555555555,7.3995,7.685083333333334,0.11363189432288648,0.8629972222222223,0.7828083333333332,0.9676666666666668,0.09482944717188788,0.8104847222222222,0.6246,0.9676666666666668,0.11484467208372566,25.516388888888883,22.73583333333333,28.94666666666667,3.1559811308289007,23.856527777777774,18.71333333333333,28.94666666666667,3.308944629362241,1153.8333333333335,1008.0833333333334,1254.5,129.2465613125202,1115.4722222222222,1008.0833333333334,1254.5,96.89079859229065,11.373055555555554,11.2,11.594166666666666,0.20142949782141442,11.025972222222222,10.433333333333334,11.594166666666666,0.42756591976061326,164.76833333333332,159.10166666666666,170.57916666666668,5.74010797662653,155.7488888888889,139.70416666666668,170.57916666666668,11.34650965258886,6,4,5
2023-09-01 00:00:00+00:00,28.388571428571428,26.81,31.09,1.4848729302696642,32.32285714285714,12.98,53.32,14.339582414056686,6.678571428571429,5.59,7.93,0.8833539979613413,7.666857142857142,7.004,8.113,0.467557992328734,0.7863142857142857,0.4224,1.4,0.3297903901398151,24.777142857142856,7.75,40.11,12.193355723898316,1186.0,951.0,1335.0,153.6055554550898,12.034285714285714,201.26714285714283,205.1533333333333,3.8861904761905066,28.8375,28.41583333333333,27.218333333333334,31.468333333333334,38.689166666666665,41.95,7.014166666666667,6.773333333333333,6.725833333333333,7.512,7.520083333333333,7.615416666666666,0.95535,0.8385166666666667,0.9676666666666668,28.69,28.94666666666667,24.866666666666664,1171.75,1008.0833333333334,1254.5,11.893333333333333,11.594166666666666,11.325,177.33249999999998,170.57916666666668,164.62416666666667,28.15722222222222,27.218333333333334,28.8375,0.8399910438235074,28.33125,27.218333333333334,28.8375,0.5654547702710006,37.36916666666667,31.468333333333334,41.95,5.364059472803958,38.08388888888889,31.468333333333334,41.95,4.237860396561076,6.837777777777778,6.725833333333333,7.014166666666667,0.15459250496900034,6.645694444444445,6.208333333333333,7.014166666666667,0.2727938867160148,7.5491666666666655,7.512,7.615416666666666,0.05751636240622792,7.542791666666666,7.3995,7.685083333333334,0.0978224120820775,0.9205111111111112,0.8385166666666667,0.9676666666666668,0.07127581468674438,0.8656097222222222,0.7760083333333333,0.9676666666666668,0.08263984333248965,27.50111111111111,24.866666666666664,28.94666666666667,2.28510231556322,25.519305555555558,22.73583333333333,28.94666666666667,2.648267275065951,1144.7777777777778,1008.0833333333334,1254.5,125.40302620543657,1140.5277777777778,1008.0833333333334,1254.5,86.59467629688872,11.604166666666666,11.325,11.893333333333333,0.2842986008485385,11.269305555555555,10.7025,11.893333333333333,0.4381531368098308,170.8452777777778,164.62416666666667,177.33249999999998,6.3583445463711765,162.02027777777778,147.44166666666666,177.33249999999998,11.100933765362184,0,4,9
2023-09-01 06:00:00+00:00,29.36583333333333,26.79,31.27,1.4859735610845926,38.96,16.65,59.83,18.063760808465503,7.25,5.37,8.08,0.8042161627097758,7.358583333333333,6.897,7.94,0.3612602834858026,0.7610583333333333,0.0279,1.3847,0.445248552564302,23.219166666666663,7.18,43.87,12.005432450908769,1160.6666666666667,855.0,1487.0,190.38493701557445,12.240833333333333,205.1533333333333,212.61666666666667,7.463333333333338,28.388571428571428,28.8375,28.41583333333333,32.32285714285714,31.468333333333334,38.689166666666665,6.678571428571429,7.014166666666667,6.773333333333333,7.666857142857142,7.512,7.520083333333333,0.7863142857142857,0.95535,0.8385166666666667,24.777142857142856,28.69,28.94666666666667,1186.0,1171.75,1008.0833333333334,12.034285714285714,11.893333333333333,11.594166666666666,201.26714285714283,177.33249999999998,170.57916666666668,28.547301587301586,28.388571428571428,28.8375,0.25168858121162613,28.303234126984126,27.218333333333334,28.8375,0.556140130511809,34.16011904761905,31.468333333333334,38.689166666666665,3.945472973796851,36.80561507936508,31.468333333333334,41.95,4.680600186222822,6.8220238095238095,6.678571428571429,7.014166666666667,0.17301477628164896,6.649484126984127,6.208333333333333,7.014166666666667,0.273120651728508,7.566313492063492,7.512,7.666857142857142,0.08716710592666989,7.566490079365079,7.3995,7.685083333333334,0.10912392927181691,0.8600603174603175,0.7863142857142857,0.95535,0.08655267091869205,0.867327380952381,0.7828083333333332,0.9676666666666668,0.08048400310767191,27.47126984126984,24.777142857142856,28.94666666666667,2.3367091388093457,25.62299603174603,22.73583333333333,28.94666666666667,2.5958260085686025,1121.9444444444446,1008.0833333333334,1186.0,98.8636945121542,1154.8472222222224,1008.0833333333334,1254.5,85.66782451660238,11.840595238095238,11.594166666666666,12.034285714285714,0.2247491357853695,11.49126984126984,10.900833333333331,12.034285714285714,0.4308614851962817,183.05960317460315,170.57916666666668,201.26714285714283,16.125686148074973,170.99119047619047,153.0425,201.26714285714283,17.094271093488643,6,4,9
2023-09-01 12:00:00+00:00,28.230833333333333,26.41,29.89,1.1121515457014213,32.5875,18.07,43.46,7.8402448071704764,6.825833333333333,5.17,8.36,1.1538509304485436,7.433333333333334,6.954,7.954,0.355256970588214,0.605075,0.1216,1.459,0.4429368334301077,25.88416666666667,11.65,44.52,12.067088568298136,1157.9166666666667,865.0,1466.0,183.90682341057848,12.479166666666666,212.61666666666667,218.15916666666664,5.54249999999999,29.36583333333333,28.388571428571428,28.8375,38.96,32.32285714285714,31.468333333333334,7.25,6.678571428571429,7.014166666666667,7.358583333333333,7.666857142857142,7.512,0.7610583333333333,0.7863142857142857,0.95535,23.219166666666663,24.777142857142856,28.69,1160.6666666666667,1186.0,1171.75,12.240833333333333,12.034285714285714,11.893333333333333,205.1533333333333,201.26714285714283,177.33249999999998,28.863968253968252,28.388571428571428,29.36583333333333,0.4891683084336201,28.445873015873016,27.218333333333334,29.36583333333333,0.7086252966381676,34.25039682539683,31.468333333333334,38.96,4.100954069717792,36.3190873015873,31.468333333333334,41.95,4.171816954812325,6.980912698412698,6.678571428571429,7.25,0.2871620150101674,6.775039682539682,6.208333333333333,7.25,0.35090038597413337,7.512480158730159,7.358583333333333,7.666857142857142,0.15413746567231862,7.512073412698412,7.358583333333333,7.666857142857142,0.11910833152274976,0.8342408730158729,0.7610583333333333,0.95535,0.10564104913247606,0.8486190476190476,0.7610583333333333,0.9676666666666668,0.09115448651052598,25.56210317460317,23.219166666666663,28.69,2.818621358974677,25.539246031746032,22.73583333333333,28.94666666666667,2.676296740673978,1172.8055555555557,1160.6666666666667,1186.0,12.699609938597725,1163.3194444444446,1008.0833333333334,1254.5,82.79109279563994,12.056150793650794,11.893333333333333,12.240833333333333,0.17477878524499874,11.714603174603175,11.2,12.240833333333333,0.4104075021710044,194.5843253968254,177.33249999999998,205.1533333333333,15.066344239602952,179.67632936507937,159.10166666666666,205.1533333333333,19.252933338867663,12,4,9
2023-09-01 18:00:00+00:00,28.32166666666667,26.13,30.33,1.4209461210010308,37.58083333333333,11.26,49.81,11.780434054615794,6.598333333333334,5.04,8.42,0.9422587304724296,7.320666666666667,6.835,8.037,0.3990740039216545,0.5563333333333333,0.0643,1.2676,0.4928064645630691,19.8825,5.87,44.35,13.716210797314382,1154.5,812.0,1414.0,202.2044419977869,12.736666666666666,218.15916666666664,224.8125,6.653333333333336,28.230833333333333,29.36583333333333,28.388571428571428,32.5875,38.96,32.32285714285714,6.825833333333333,7.25,6.678571428571429,7.433333333333334,7.358583333333333,7.666857142857142,0.605075,0.7610583333333333,0.7863142857142857,25.88416666666667,23.219166666666663,24.777142857142856,1157.9166666666667,1160.6666666666667,1186.0,12.479166666666666,12.240833333333333,12.034285714285714,212.61666666666667,205.1533333333333,201.26714285714283,28.66174603174603,28.230833333333333,29.36583333333333,0.6148369888553383,28.409484126984125,27.218333333333334,29.36583333333333,0.7140077541177638,34.62345238095238,32.32285714285714,38.96,3.7578907514268978,35.99630952380952,31.468333333333334,41.95,4.406771477239059,6.91813492063492,6.678571428571429,7.25,0.2966855917044455,6.877956349206349,6.678571428571429,7.25,0.21611490991945567,7.486257936507936,7.358583333333333,7.666857142857142,0.16080716907362205,7.517712301587302,7.358583333333333,7.666857142857142,0.11337585072237441,0.7174825396825396,0.605075,0.7863142857142857,0.09816341994744544,0.8189968253968254,0.605075,0.9676666666666668,0.13510255273277785,24.626825396825396,23.219166666666663,25.88416666666667,1.338843812458047,26.063968253968252,23.219166666666663,28.94666666666667,2.298724352527737,1168.1944444444446,1157.9166666666667,1186.0,15.481246121724816,1156.486111111111,1008.0833333333334,1254.5,80.93662501314523,12.251428571428571,12.034285714285714,12.479166666666666,0.22262964706110272,11.927797619047618,11.325,12.479166666666666,0.4217111021597648,206.34571428571428,201.26714285714283,212.61666666666667,5.76795040958518,188.59549603174602,164.62416666666667,212.61666666666667,20.188199934499515,18,4,9
2023-09-02 00:00:00+00:00,28.195000000000004,25.91,30.2,1.49067708837903,28.11,10.32,46.73,11.711342598291,6.704999999999999,5.26,8.44,1.0196300576902655,7.408916666666666,6.808,8.152,0.5008268541909345,0.5450416666666666,0.0695,1.1522,0.3226174330473488,25.775,5.42,40.73,11.740305478447857,1152.75,839.0,1492.0,226.54926215244703,12.964999999999998,224.8125,230.9,6.087500000000006,28.32166666666667,28.230833333333333,29.36583333333333,37.58083333333333,32.5875,38.96,6.598333333333334,6.825833333333333,7.25,7.320666666666667,7.433333333333334,7.358583333333333,0.5563333333333333,0.605075,0.7610583333333333,19.8825,25.88416666666667,23.219166666666663,1154.5,1157.9166666666667,1160.6666666666667,12.736666666666666,12.479166666666666,12.240833333333333,218.15916666666664,212.61666666666667,205.1533333333333,28.639444444444447,28.230833333333333,29.36583333333333,0.6307085595083001,28.593373015873013,28.230833333333333,29.36583333333333,0.43243873949552997,36.376111111111115,32.5875,38.96,3.3527161805075445,35.26811507936508,31.468333333333334,38.96,3.4923017276915416,6.89138888888889,6.598333333333334,7.25,0.3307423608479222,6.856706349206349,6.598333333333334,7.25,0.23910939567281356,7.370861111111111,7.320666666666667,7.433333333333334,0.05732802381745653,7.468587301587301,7.320666666666667,7.666857142857142,0.12575505013384183,0.6408222222222223,0.5563333333333333,0.7610583333333333,0.10694147618535915,0.7504412698412698,0.5563333333333333,0.95535,0.14829275231727845,22.995277777777776,19.8825,25.88416666666667,3.007090848373299,25.23327380952381,19.8825,28.94666666666667,3.43678243036121,1157.6944444444446,1154.5,1160.6666666666667,3.089333501165713,1139.8194444444443,1008.0833333333334,1186.0,65.55034995810165,12.485555555555555,12.240833333333333,12.736666666666666,0.24797840034369706,12.163075396825397,11.594166666666666,12.736666666666666,0.41181831887238535,211.97638888888886,205.1533333333333,218.15916666666664,6.5265145290686455,197.51799603174604,170.57916666666668,218.15916666666664,19.2849010127487,0,5,9
2023-09-02 06:00:00+00:00,28.563333333333333,26.21,30.71,1.620001870556346,34.00333333333333,11.13,57.07,15.80751796590547,6.9433333333333325,5.9,8.49,0.8239410099508266,7.564,7.033,8.133,0.3892223015193245,0.9182166666666666,0.4301,1.4554,0.3733863629815718,28.126666666666665,10.71,43.48,11.822335051105853,1123.1666666666667,865.0,1386.0,206.5561043455851,13.163333333333334,230.9,235.99416666666664,5.094166666666638,28.195000000000004,28.32166666666667,28.230833333333333,28.11,37.58083333333333,32.5875,6.704999999999999,6.598333333333334,6.825833333333333,7.408916666666666,7.320666666666667,7.433333333333334,0.5450416666666666,0.5563333333333333,0.605075,25.775,19.8825,25.88416666666667,1152.75,1154.5,1157.9166666666667,12.964999999999998,12.736666666666666,12.479166666666666,224.8125,218.15916666666664,212.61666666666667,28.249166666666667,28.195000000000004,28.32166666666667,0.06529314239988923,28.556567460317456,28.195000000000004,29.36583333333333,0.4591446709836373,32.75944444444445,28.11,37.58083333333333,4.737757346670017,33.50492063492063,28.11,38.96,4.046300691227063,6.709722222222222,6.598333333333334,6.825833333333333,0.11382349070835295,6.84531746031746,6.598333333333334,7.25,0.24541883846522722,7.3876388888888895,7.320666666666667,7.433333333333334,0.05927058557847076,7.450059523809524,7.320666666666667,7.666857142857142,0.12483648125509839,0.5688166666666666,0.5450416666666666,0.605075,0.03190416095294151,0.7015287698412699,0.5450416666666666,0.95535,0.16126427221799747,23.847222222222218,19.8825,25.88416666666667,3.4339839930924017,24.7046626984127,19.8825,28.69,2.9625991926490824,1155.0555555555557,1152.75,1157.9166666666667,2.62775428694094,1163.9305555555557,1152.75,1186.0,12.719780818632444,12.726944444444442,12.479166666666666,12.964999999999998,0.24306253958215582,12.39154761904762,11.893333333333333,12.964999999999998,0.4133280118156401,218.5294444444444,212.61666666666667,224.8125,6.106342350224435,206.55688492063493,177.33249999999998,224.8125,16.66503753728549,6,5,9
2023-09-02 12:00:00+00:00,29.141666666666666,26.51,31.34,1.743579564278526,36.810833333333335,19.04,55.65,13.4996110774505,6.305833333333333,5.0,8.2,1.1877056440758782,7.5705,6.869,8.146,0.4215095167695183,0.7742083333333333,0.0938,1.3877,0.4344957337552524,18.885,7.2,44.95,10.721230848605536,1236.6666666666667,869.0,1456.0,146.64634845488487,13.418333333333337,235.99416666666664,242.695,6.700833333333378,28.563333333333333,28.195000000000004,28.32166666666667,34.00333333333333,28.11,37.58083333333333,6.9433333333333325,6.704999999999999,6.598333333333334,7.564,7.408916666666666,7.320666666666667,0.9182166666666666,0.5450416666666666,0.5563333333333333,28.126666666666665,25.775,19.8825,1123.1666666666667,1152.75,1154.5,13.163333333333334,12.964999999999998,12.736666666666666,230.9,224.8125,218.15916666666664,28.360000000000003,28.195000000000004,28.563333333333333,0.18713482958671496,28.510873015873017,28.195000000000004,29.36583333333333,0.4387855822904919,33.23138888888889,28.11,37.58083333333333,4.78237333088141,33.92742063492063,28.11,38.96,3.9215414392831662,6.748888888888889,6.598333333333334,6.9433333333333325,0.17663783831875715,6.833511904761905,6.598333333333334,7.25,0.23723948296797517,7.431194444444444,7.320666666666667,7.564,0.12318685934309238,7.458726190476191,7.320666666666667,7.666857142857142,0.13161753539549018,0.6731972222222221,0.5450416666666666,0.9182166666666666,0.21226815953158387,0.695339880952381,0.5450416666666666,0.9182166666666666,0.14988625096869332,24.59472222222222,19.8825,28.126666666666665,4.246923914020765,24.61077380952381,19.8825,28.126666666666665,2.8163549808931028,1143.4722222222224,1123.1666666666667,1154.5,17.606882597858032,1155.8333333333333,1123.1666666666667,1186.0,20.080463142068538,12.954999999999998,12.736666666666666,13.163333333333334,0.21350904222324638,12.603214285714285,12.034285714285714,13.163333333333334,0.43193038197755884,224.6238888888889,218.15916666666664,230.9,6.372510425285102,215.48480158730158,201.26714285714283,230.9,11.392047948738446,12,5,9
2023-09-02 18:00:00+00:00,28.85,26.57,30.96,1.4262092158139794,27.700833333333332,14.08,40.77,9.57028493765357,6.5825,5.12,8.48,1.102403366204123,7.63075,7.279,8.073,0.3029440767474479,0.7688583333333333,0.0339,1.4459,0.4718495666635777,28.361666666666665,5.25,43.66,15.276992703428448,1119.8333333333333,848.0,1476.0,248.187184979158,13.685,242.695,248.5925,5.89749999999998,29.141666666666666,28.563333333333333,28.195000000000004,36.810833333333335,34.00333333333333,28.11,6.305833333333333,6.9433333333333325,6.704999999999999,7.5705,7.564,7.408916666666666,0.7742083333333333,0.9182166666666666,0.5450416666666666,18.885,28.126666666666665,25.775,1236.6666666666667,1123.1666666666667,1152.75,13.418333333333337,13.163333333333334,12.964999999999998,235.99416666666664,230.9,224.8125,28.633333333333336,28.195000000000004,29.141666666666666,0.47719958554512637,28.636388888888888,28.195000000000004,29.36583333333333,0.5002162495324408,32.974722222222226,28.11,36.810833333333335,4.440681905635312,34.67541666666667,28.11,38.96,3.981831053882955,6.651388888888889,6.305833333333333,6.9433333333333325,0.32211360717287796,6.771388888888889,6.305833333333333,7.25,0.3202172295084609,7.5144722222222216,7.408916666666666,7.5705,0.09147154738759766,7.442666666666668,7.320666666666667,7.5705,0.10415691954397124,0.745822222222222,0.5450416666666666,0.9182166666666666,0.1881999565203437,0.6933222222222222,0.5450416666666666,0.9182166666666666,0.1484916872595405,24.26222222222222,18.885,28.126666666666665,4.80296503715654,23.62875,18.885,28.126666666666665,3.6504755683335315,1170.861111111111,1123.1666666666667,1236.6666666666667,58.87759980891892,1164.2777777777778,1123.1666666666667,1236.6666666666667,37.979660736104584,13.182222222222222,12.964999999999998,13.418333333333337,0.22725617784857977,12.833888888888888,12.240833333333333,13.418333333333337,0.4368738906095136,230.56888888888886,224.8125,235.99416666666664,5.598182141287816,221.27263888888888,205.1533333333333,235.99416666666664,11.544623465018903,18,5,9
2023-09-03 00:00:00+00:00,28.930833333333336,26.75,30.56,1.10802410815037,37.59,10.69,56.64,16.23948219058052,6.510833333333333,5.03,8.03,1.1172894012119716,7.620583333333333,6.872,8.117,0.3600710683218304,0.8201416666666667,0.2056,1.3642,0.4458176868678972,23.7175,5.57,44.82,10.715403632154974,1222.3333333333333,932.0,1481.0,190.94612916323877,13.905833333333334,248.5925,254.6375,6.045000000000016,28.85,29.141666666666666,28.563333333333333,27.700833333333332,36.810833333333335,34.00333333333333,6.5825,6.305833333333333,6.9433333333333325,7.63075,7.5705,7.564,0.7688583333333333,0.7742083333333333,0.9182166666666666,28.361666666666665,18.885,28.126666666666665,1119.8333333333333,1236.6666666666667,1123.1666666666667,13.685,13.418333333333337,13.163333333333334,242.695,235.99416666666664,230.9,28.85166666666667,28.563333333333333,29.141666666666666,0.2891702689496903,28.550416666666667,28.195000000000004,29.141666666666666,0.37954568968117813,32.83833333333333,27.700833333333332,36.810833333333335,4.665398562823956,32.79888888888889,27.700833333333332,37.58083333333333,4.2055656465459395,6.610555555555554,6.305833333333333,6.9433333333333325,0.31967467548766715,6.660138888888888,6.305833333333333,6.9433333333333325,0.22138040204003348,7.588416666666666,7.564,7.63075,0.03680551362680953,7.488027777777778,7.320666666666667,7.63075,0.11849292837158859,0.8204277777777778,0.7688583333333333,0.9182166666666666,0.08472989860487601,0.6946222222222223,0.5450416666666666,0.9182166666666666,0.1492355783714187,25.124444444444446,18.885,28.361666666666665,5.404794767748486,24.485833333333332,18.885,28.361666666666665,4.109867394454475,1159.888888888889,1119.8333333333333,1236.6666666666667,66.51239093693817,1157.4722222222222,1119.8333333333333,1236.6666666666667,42.182100820485516,13.422222222222224,13.163333333333334,13.685,0.26085507541610303,13.074583333333335,12.479166666666666,13.685,0.44257571543057544,236.5297222222222,230.9,242.695,5.915709683952718,227.52958333333333,212.61666666666667,242.695,11.230147604031025,0,6,9
2023-09-03 06:00:00+00:00,27.58,25.84,29.33,1.2572842305396328,36.19833333333333,12.46,59.85,17.828340479204012,7.3,5.34,8.47,1.0339245620450266,7.581583333333334,7.061,8.154,0.3975546751039028,0.5791416666666667,0.0701,1.4771,0.4258405152985058,30.5275,14.09,44.61,9.282263757001598,1161.1666666666667,815.0,1487.0,251.36349389003576,14.18,254.6375,260.1558333333333,5.518333333333288,28.930833333333336,28.85,29.141666666666666,37.59,27.700833333333332,36.810833333333335,6.510833333333333,6.5825,6.305833333333333,7.620583333333333,7.63075,7.5705,0.8201416666666667,0.7688583333333333,0.7742083333333333,23.7175,28.361666666666665,18.885,1222.3333333333333,1119.8333333333333,1236.6666666666667,13.905833333333334,13.685,13.418333333333337,248.5925,242.695,235.99416666666664,28.974166666666665,28.85,29.141666666666666,0.15058450931099032,28.667083333333334,28.195000000000004,29.141666666666666,0.36910467876863134,34.03388888888889,27.700833333333332,37.59,5.498406103219901,33.63263888888889,27.700833333333332,37.59,4.62975459562823,6.466388888888889,6.305833333333333,6.5825,0.14358827456512438,6.607638888888889,6.305833333333333,6.9433333333333325,0.21135108802039917,7.607277777777777,7.5705,7.63075,0.03225358866051004,7.51923611111111,7.320666666666667,7.63075,0.1256491965825973,0.7877361111111112,0.7688583333333333,0.8201416666666667,0.028191233533638324,0.7304666666666666,0.5450416666666666,0.9182166666666666,0.14925399157141486,23.654722222222222,18.885,28.361666666666665,4.738645224620095,24.12472222222222,18.885,28.361666666666665,4.057280926743739,1192.9444444444443,1119.8333333333333,1236.6666666666667,63.720381645412424,1168.2083333333333,1119.8333333333333,1236.6666666666667,49.82334766173584,13.669722222222225,13.418333333333337,13.905833333333334,0.24410882894794478,13.31236111111111,12.736666666666666,13.905833333333334,0.441948468799328,242.4272222222222,235.99416666666664,248.5925,6.3034339370017705,233.52555555555554,218.15916666666664,248.5925,11.279382551395749,6,6,9
2023-09-03 12:00:00+00:00,27.496666666666663,25.91,30.06,1.1766078618665028,40.33583333333333,20.48,58.83,13.398360454876109,6.115833333333334,5.0,7.9,0.9450969967856916,7.392333333333333,6.801,8.168,0.4464460332515687,0.741275,0.0413,1.3707,0.4785282591161438,23.616666666666664,11.82,37.4,9.1295497582235,1151.3333333333333,891.0,1480.0,193.92891543662137,14.4275,260.1558333333333,266.2475,6.091666666666697,27.58,28.930833333333336,28.85,36.19833333333333,37.59,27.700833333333332,7.3,6.510833333333333,6.5825,7.581583333333334,7.620583333333333,7.63075,0.5791416666666667,0.8201416666666667,0.7688583333333333,30.5275,23.7175,28.361666666666665,1161.1666666666667,1222.3333333333333,1119.8333333333333,14.18,13.905833333333334,13.685,254.6375,248.5925,242.695,28.453611111111112,27.58,28.930833333333336,0.7576481947692141,28.543472222222224,27.58,29.141666666666666,0.5747957165295745,33.82972222222222,27.700833333333332,37.59,5.353190010361759,33.40222222222223,27.700833333333332,37.59,4.42377973339876,6.797777777777777,6.510833333333333,7.3,0.4364108135096404,6.7245833333333325,6.305833333333333,7.3,0.35229751867798714,7.610972222222222,7.581583333333334,7.63075,0.02595419754818617,7.562722222222223,7.408916666666666,7.63075,0.08006210552278178,0.7227138888888889,0.5791416666666667,0.8201416666666667,0.12695366207721154,0.7342680555555555,0.5450416666666666,0.9182166666666666,0.14413459300411868,27.53555555555555,23.7175,30.5275,3.47934903048339,25.898888888888887,18.885,30.5275,4.157421131297982,1167.7777777777776,1119.8333333333333,1222.3333333333333,51.568814147627414,1169.3194444444443,1119.8333333333333,1236.6666666666667,49.52996894885004,13.923611111111112,13.685,14.18,0.2479784003436596,13.552916666666667,12.964999999999998,14.18,0.45842415766768746,248.64166666666665,242.695,254.6375,5.971401810574337,239.6052777777778,224.8125,254.6375,11.170787892070072,12,6,9
2023-09-03 18:00:00+00:00,28.45083333333333,26.42,31.09,1.631309893826728,38.0,16.54,58.28,12.79547292102669,6.62,5.21,8.34,1.0768894600147727,7.636333333333333,7.014,8.166,0.343676997757893,0.9590666666666668,0.2092,1.4126,0.425339864821134,26.191666666666663,5.36,43.68,11.682080942688044,1235.0833333333333,953.0,1364.0,157.17821866989848,14.651666666666666,266.2475,272.6558333333333,6.408333333333303,27.496666666666663,27.58,28.930833333333336,40.33583333333333,36.19833333333333,37.59,6.115833333333334,7.3,6.510833333333333,7.392333333333333,7.581583333333334,7.620583333333333,0.741275,0.5791416666666667,0.8201416666666667,23.616666666666664,30.5275,23.7175,1151.3333333333333,1161.1666666666667,1222.3333333333333,14.4275,14.18,13.905833333333334,260.1558333333333,254.6375,248.5925,28.002499999999998,27.496666666666663,28.930833333333336,0.8050392502508676,28.42708333333333,27.496666666666663,29.141666666666666,0.7134481508062775,38.04138888888889,36.19833333333333,40.33583333333333,2.105359947671517,35.43986111111111,27.700833333333332,40.33583333333333,4.3128795297298685,6.642222222222222,6.115833333333334,7.3,0.6029178664658238,6.626388888888889,6.115833333333334,7.3,0.4319508931279958,7.5315,7.392333333333333,7.620583333333333,0.12208919212335524,7.559958333333333,7.392333333333333,7.63075,0.08646397371160033,0.7135194444444445,0.5791416666666667,0.8201416666666667,0.12287403366109603,0.7669736111111111,0.5791416666666667,0.9182166666666666,0.11108416208951477,25.953888888888883,23.616666666666664,30.5275,3.9611842657262137,25.539166666666663,18.885,30.5275,4.262336018351129,1178.2777777777778,1151.3333333333333,1222.3333333333333,38.46872226358118,1169.0833333333333,1119.8333333333333,1236.6666666666667,49.628033072716505,14.171111111111111,13.905833333333334,14.4275,0.2609469046319516,13.796666666666667,13.163333333333334,14.4275,0.4719171890632161,254.4619444444444,248.5925,260.1558333333333,5.783665296268106,245.4958333333333,230.9,260.1558333333333,11.128698948114607,18,6,9
2023-09-04 00:00:00+00:00,28.421666666666667,26.71,31.27,1.7216526591585997,35.20583333333334,19.93,55.46,12.376926816631116,6.3808333333333325,5.25,8.18,1.067711727636881,7.547333333333333,6.896,8.056,0.4083722306767181,0.882775,0.1051,1.4746,0.4808276200752955,25.8325,8.7,43.67,11.81282671505851,1043.0,802.0,1436.0,213.14527696129957,14.919166666666667,272.6558333333333,278.74916666666667,6.093333333333362,28.45083333333333,27.496666666666663,27.58,38.0,40.33583333333333,36.19833333333333,6.62,6.115833333333334,7.3,7.636333333333333,7.392333333333333,7.581583333333334,0.9590666666666668,0.741275,0.5791416666666667,26.191666666666663,23.616666666666664,30.5275,1235.0833333333333,1151.3333333333333,1161.1666666666667,14.651666666666666,14.4275,14.18,266.2475,260.1558333333333,254.6375,27.842499999999998,27.496666666666663,28.45083333333333,0.5284772411792974,28.408333333333335,27.496666666666663,29.141666666666666,0.710623943368711,38.17805555555555,36.19833333333333,40.33583333333333,2.074488948668638,36.10597222222222,27.700833333333332,40.33583333333333,4.355068867189464,6.678611111111111,6.115833333333334,7.3,0.5942550970503893,6.572499999999999,6.115833333333334,7.3,0.40375012899894597,7.5367500000000005,7.392333333333333,7.636333333333333,0.12802937488456886,7.572013888888889,7.392333333333333,7.636333333333333,0.09200530505034854,0.7598277777777778,0.5791416666666667,0.9590666666666668,0.19064077627491904,0.7737819444444445,0.5791416666666667,0.9590666666666668,0.12283779146327102,26.778611111111104,23.616666666666664,30.5275,3.4926039248568927,25.216666666666665,18.885,30.5275,4.097416360748973,1182.5277777777776,1151.3333333333333,1235.0833333333333,45.77923575078426,1187.736111111111,1119.8333333333333,1236.6666666666667,49.949597280843975,14.419722222222221,14.18,14.651666666666666,0.2359295053219017,14.044722222222221,13.418333333333337,14.651666666666666,0.46351994643244165,260.34694444444443,254.6375,266.2475,5.807358917148964,251.3870833333333,235.99416666666664,266.2475,11.212422225048755,0,0,9
2023-09-04 06:00:00+00:00,28.286666666666665,26.02,30.99,1.4221515923118573,33.458333333333336,13.12,57.81,16.18421780811807,6.995833333333334,5.05,8.34,1.25814768849313,7.361916666666667,6.858,7.987,0.4040858275918694,0.7996,0.2792,1.4221,0.3863672322827315,23.97,6.97,43.66,11.957406225279946,1068.0833333333333,820.0,1402.0,219.7074328751899,15.105,278.74916666666667,284.1666666666667,5.417500000000018,28.421666666666667,28.45083333333333,27.496666666666663,35.20583333333334,38.0,40.33583333333333,6.3808333333333325,6.62,6.115833333333334,7.547333333333333,7.636333333333333,7.392333333333333,0.882775,0.9590666666666668,0.741275,25.8325,26.191666666666663,23.616666666666664,1043.0,1235.0833333333333,1151.3333333333333,14.919166666666667,14.651666666666666,14.4275,272.6558333333333,266.2475,260.1558333333333,28.123055555555553,27.496666666666663,28.45083333333333,0.542664678879813,28.28833333333333,27.496666666666663,28.930833333333336,0.616592563115139,37.84722222222223,35.20583333333334,40.33583333333333,2.5684101672118427,35.83847222222222,27.700833333333332,40.33583333333333,4.352406403890794,6.372222222222223,6.115833333333334,6.62,0.2521936168311309,6.585,6.115833333333334,7.3,0.3949071620858068,7.525333333333332,7.392333333333333,7.636333333333333,0.1234787431098979,7.568152777777777,7.392333333333333,7.636333333333333,0.09256594371141842,0.8610388888888889,0.741275,0.9590666666666668,0.11051084296139,0.7918763888888889,0.5791416666666667,0.9590666666666668,0.13066022033595656,25.213611111111106,23.616666666666664,26.191666666666663,1.3946052640774462,26.374583333333334,23.616666666666664,30.5275,2.690305783425624,1143.1388888888887,1043.0,1235.0833333333333,96.30349643666024,1155.4583333333333,1043.0,1235.0833333333333,70.3960571417966,14.666111111111112,14.4275,14.919166666666667,0.24615139499749308,14.29486111111111,13.685,14.919166666666667,0.4628448914253158,266.3530555555555,260.1558333333333,272.6558333333333,6.250668482768726,257.4973611111111,242.695,272.6558333333333,11.13550121628803,6,0,9
2023-09-04 12:00:00+00:00,27.2975,25.84,30.37,1.4039951113616005,41.67,17.33,57.25,12.922418856038878,6.495833333333334,5.56,8.11,0.8816354465458277,7.617916666666666,6.874,8.134,0.3911290087875756,0.5566916666666667,0.0955,1.3277,0.3939135148696598,24.808333333333334,12.69,44.33,10.600443244020363,1168.0833333333333,842.0,1470.0,208.90426617051756,15.348333333333334,284.1666666666667,290.43666666666667,6.269999999999982,28.286666666666665,28.421666666666667,28.45083333333333,33.458333333333336,35.20583333333334,38.0,6.995833333333334,6.3808333333333325,6.62,7.361916666666667,7.547333333333333,7.636333333333333,0.7996,0.882775,0.9590666666666668,23.97,25.8325,26.191666666666663,1068.0833333333333,1043.0,1235.0833333333333,15.105,14.919166666666667,14.651666666666666,278.74916666666667,272.6558333333333,266.2475,28.386388888888888,28.286666666666665,28.45083333333333,0.08758461517201122,28.194444444444443,27.496666666666663,28.930833333333336,0.5536378847291918,35.554722222222225,33.458333333333336,38.0,2.290846267293027,36.79805555555556,33.458333333333336,40.33583333333333,2.3931694852611543,6.665555555555556,6.3808333333333325,6.995833333333334,0.3100205339674757,6.653888888888889,6.115833333333334,7.3,0.42896667400557686,7.515194444444444,7.361916666666667,7.636333333333333,0.14000288522159282,7.523347222222221,7.361916666666667,7.636333333333333,0.1178235665054936,0.8804805555555557,0.7996,0.9590666666666668,0.07975808925072038,0.797,0.5791416666666667,0.9590666666666668,0.13017893902881006,25.331388888888885,23.97,26.191666666666663,1.1925958886830128,25.642638888888886,23.616666666666664,30.5275,2.6384764867810224,1115.388888888889,1043.0,1235.0833333333333,104.41438323299047,1146.8333333333333,1043.0,1235.0833333333333,78.3542348001121,14.891944444444443,14.651666666666666,15.105,0.22788936968354703,14.531527777777777,13.905833333333334,15.105,0.45154285408371647,272.5508333333333,266.2475,278.74916666666667,6.251494710155915,263.50638888888886,248.5925,278.74916666666667,11.277196394428355,12,0,9
2023-09-04 18:00:00+00:00,28.585,25.99,30.75,1.5211269745577696,39.9875,16.0,57.62,15.328404486146267,6.614999999999999,5.14,8.34,1.017443319841901,7.577916666666667,6.97,8.158,0.382256091772217,0.760525,0.021,1.4688,0.4158630524693086,24.58333333333333,6.21,38.75,12.385927743233692,1119.4166666666667,850.0,1395.0,187.628965748572,15.614166666666668,290.43666666666667,296.6575,6.220833333333303,27.2975,28.286666666666665,28.421666666666667,41.67,33.458333333333336,35.20583333333334,6.495833333333334,6.995833333333334,6.3808333333333325,7.617916666666666,7.361916666666667,7.547333333333333,0.5566916666666667,0.7996,0.882775,24.808333333333334,23.97,25.8325,1168.0833333333333,1068.0833333333333,1043.0,15.348333333333334,15.105,14.919166666666667,284.1666666666667,278.74916666666667,272.6558333333333,28.001944444444444,27.2975,28.421666666666667,0.6137896475841812,27.92222222222222,27.2975,28.45083333333333,0.5196509690452157,36.77805555555556,33.458333333333336,41.67,4.325711432602528,37.47805555555556,33.458333333333336,41.67,3.129554843507055,6.6241666666666665,6.3808333333333325,6.995833333333334,0.32696839806521144,6.651388888888889,6.115833333333334,7.3,0.4300095821499099,7.509055555555555,7.361916666666667,7.617916666666666,0.13222288456883624,7.5229027777777775,7.361916666666667,7.636333333333333,0.11738764624414753,0.7463555555555555,0.5566916666666667,0.882775,0.16943675285366092,0.7530916666666667,0.5566916666666667,0.9590666666666668,0.16147921770308396,24.870277777777776,23.97,25.8325,0.9327938669117082,25.824444444444442,23.616666666666664,30.5275,2.5139362487865506,1093.0555555555554,1043.0,1168.0833333333333,66.17528981033124,1137.7916666666665,1043.0,1235.0833333333333,70.65087775659809,15.124166666666667,14.919166666666667,15.348333333333334,0.21522436613386353,14.771944444444443,14.18,15.348333333333334,0.4355069417314625,278.5238888888889,272.6558333333333,284.1666666666667,5.758722389976026,269.43541666666664,254.6375,284.1666666666667,11.219434623183062,18,0,9
2023-09-05 00:00:00+00:00,28.98333333333333,27.08,31.02,1.3703571752936488,34.869166666666665,12.68,53.65,14.989922953488293,6.755,5.15,8.43,1.2593252161375943,7.46925,7.06,7.927,0.2870971090066913,0.975525,0.5852,1.4504,0.3043676190070158,18.18916666666667,7.91,43.13,10.2255521818747,1106.5,809.0,1488.0,247.0117774152038,15.778333333333334,296.6575,295.24,-1.4174999999999611,28.585,27.2975,28.286666666666665,39.9875,41.67,33.458333333333336,6.614999999999999,6.495833333333334,6.995833333333334,7.577916666666667,7.617916666666666,7.361916666666667,0.760525,0.5566916666666667,0.7996,24.58333333333333,24.808333333333334,23.97,1119.4166666666667,1168.0833333333333,1068.0833333333333,15.614166666666668,15.348333333333334,15.105,290.43666666666667,284.1666666666667,278.74916666666667,28.056388888888886,27.2975,28.585,0.6739324548526616,28.089722222222218,27.2975,28.585,0.5484535498073652,38.371944444444445,33.458333333333336,41.67,4.337670132216839,38.10958333333333,33.458333333333336,41.67,3.2011631024259413,6.702222222222223,6.495833333333334,6.995833333333334,0.2611623767640241,6.537222222222222,6.115833333333334,6.995833333333334,0.29222074355350197,7.5192499999999995,7.361916666666667,7.617916666666666,0.1377146808925376,7.522291666666667,7.361916666666667,7.636333333333333,0.11703006202111939,0.7056055555555556,0.5566916666666667,0.7996,0.13043474856900386,0.7833222222222224,0.5566916666666667,0.9590666666666668,0.137616148586755,24.453888888888883,23.97,24.808333333333334,0.4338981361939247,24.83375,23.616666666666664,26.191666666666663,1.0131287828087754,1118.5277777777776,1068.0833333333333,1168.0833333333333,50.0059255748003,1130.8333333333333,1043.0,1235.0833333333333,69.9406494425412,15.355833333333335,15.105,15.614166666666668,0.25466617582838297,15.010972222222223,14.4275,15.614166666666668,0.43919605109369103,284.4508333333333,278.74916666666667,290.43666666666667,5.848929567307923,275.40194444444444,260.1558333333333,290.43666666666667,11.294742209278802,0,1,9
