created_at,entry_id,TEMPERATURE,TURBIDITY,DISSOLVED OXYGEN,pH,AMMONIA,NITRATE,Population,Length,Weight,source_file
2023-01-01 02:30:00+00:00,1,28.07,16.99,5.94,6.922,0.2814,16.39,1059,5.05,10.72,feed1.csv
2023-01-01 03:00:00+00:00,2,27.42,49.76,6.9,7.372,1.1867,17.29,1414,5.01,11.62,feed1.csv
2023-01-01 03:30:00+00:00,3,26.38,20.08,7.22,7.322,0.9915,37.12,1351,5.1,13.17,feed1.csv
2023-01-01 04:00:00+00:00,4,30.47,18.18,5.9,7.164,0.7523,26.57,900,5.21,13.61,feed1.csv
2023-01-01 04:30:00+00:00,5,30.26,18.21,5.49,7.813,0.8375,17.45,1158,5.06,9.24,feed1.csv
2023-01-01 05:00:00+00:00,6,31.24,50.73,7.92,7.494,1.0816,29.41,1179,5.08,10.62,feed1.csv
2023-01-01 05:30:00+00:00,7,31.27,43.26,8.45,6.913,0.3504,33.65,1020,5.28,14.03,feed1.csv
2023-01-01 06:00:00+00:00,8,29.1,36.15,6.84,7.108,1.4945,15.9,1219,5.22,14.53,feed1.csv
2023-01-01 06:30:00+00:00,9,30.2,27.94,5.6,7.757,1.4624,21.54,923,5.11,15.03,feed1.csv
2023-01-01 07:00:00+00:00,10,31.12,53.86,5.95,6.907,0.979,9.88,1221,5.23,22.21,feed1.csv
2023-01-01 07:30:00+00:00,11,30.67,29.62,5.06,7.992,0.3073,12.25,1030,5.15,16.14,feed1.csv
2023-01-01 08:00:00+00:00,12,27.68,50.83,8.2,7.493,1.0235,32.24,1489,5.17,17.77,feed1.csv
2023-01-01 08:30:00+00:00,13,28.72,31.96,5.41,7.473,0.1176,12.26,862,5.26,17.91,feed1.csv
2023-01-01 09:00:00+00:00,14,27.13,28.85,7.02,7.629,0.0557,26.01,1284,5.07,17.8,feed1.csv
2023-01-01 09:30:00+00:00,15,31.26,33.13,5.96,7.955,0.3939,33.36,1427,5.11,16.37,feed1.csv
2023-01-01 10:00:00+00:00,16,29.53,25.07,6.94,7.287,0.6993,9.28,1373,5.24,19.02,feed1.csv
2023-01-01 10:30:00+00:00,17,27.64,47.38,7.28,7.749,1.3037,27.69,1282,5.22,16.45,feed1.csv
2023-01-01 11:00:00+00:00,18,29.85,35.14,7.9,7.592,1.0935,15.26,1318,5.37,18.03,feed1.csv
2023-01-01 11:30:00+00:00,19,29.58,21.61,5.72,7.174,1.1166,43.52,954,5.27,18.03,feed1.csv
2023-01-01 12:00:00+00:00,20,28.26,54.98,5.04,8.03,0.644,24.34,891,5.24,19.66,feed1.csv
2023-01-01 12:30:00+00:00,21,27.02,29.19,5.48,7.916,0.5254,37.24,1325,5.55,24.63,feed1.csv
2023-01-01 13:00:00+00:00,22,29.79,37.18,8.15,7.722,0.5628,27.01,1254,5.4,16.77,feed1.csv
2023-01-01 13:30:00+00:00,23,29.01,55.32,8.06,7.991,1.4816,6.74,1397,5.45,22.37,feed1.csv
2023-01-01 14:00:00+00:00,24,30.23,41.21,7.09,8.014,0.0698,30.33,1444,5.32,18.27,feed1.csv
2023-01-01 14:30:00+00:00,25,28.94,15.84,7.1,7.792,1.3019,43.06,1309,5.43,21.06,feed1.csv
2023-01-01 15:00:00+00:00,26,30.56,56.99,7.33,7.972,0.8722,29.06,982,5.51,24.68,feed1.csv
2023-01-01 15:30:00+00:00,27,29.02,41.39,5.61,7.776,0.6635,37.77,1185,5.4,23.13,feed1.csv
2023-01-01 16:00:00+00:00,28,29.02,26.75,8.2,7.752,1.0906,40.37,1373,5.58,21.34,feed1.csv
2023-01-01 16:30:00+00:00,29,30.55,16.96,6.47,7.666,0.7351,14.12,1204,5.5,22.57,feed1.csv
2023-01-01 17:00:00+00:00,30,28.14,49.7,6.34,7.854,1.3114,13.48,1045,5.55,25.86,feed1.csv
2023-01-01 17:30:00+00:00,31,26.74,41.0,6.82,7.022,1.352,29.44,1390,5.54,23.54,feed1.csv
2023-01-01 18:00:00+00:00,32,26.16,36.67,5.16,8.033,0.6384,21.44,1460,5.81,25.93,feed1.csv
2023-01-01 18:30:00+00:00,33,29.75,54.69,5.58,8.021,0.4225,38.59,1449,5.64,26.09,feed1.csv
2023-01-01 19:00:00+00:00,34,29.02,49.43,7.58,6.841,0.8926,41.0,1270,5.55,25.2,feed1.csv
2023-01-01 19:30:00+00:00,35,29.39,17.58,5.29,7.956,1.3694,19.14,1222,5.76,31.29,feed1.csv
2023-01-01 20:00:00+00:00,36,26.89,25.59,7.11,6.98,0.3239,14.47,864,5.58,28.77,feed1.csv
2023-01-01 20:30:00+00:00,37,26.46,22.42,5.86,7.269,0.9382,36.22,812,5.74,23.95,feed1.csv
2023-01-01 21:00:00+00:00,38,25.81,47.2,6.36,7.841,0.951,15.99,1012,5.54,28.87,feed1.csv
2023-01-01 21:30:00+00:00,39,27.45,11.68,6.01,7.025,1.1023,37.9,1041,5.63,27.68,feed1.csv
2023-01-01 22:00:00+00:00,40,28.61,38.49,6.24,7.945,0.206,21.95,1292,5.8,31.2,feed1.csv
2023-01-01 22:30:00+00:00,41,27.58,48.12,7.52,7.965,1.0766,31.7,1012,5.87,28.41,feed1.csv
2023-01-01 23:00:00+00:00,42,27.78,53.84,6.04,7.51,1.3645,8.82,1492,5.84,30.27,feed1.csv
2023-01-01 23:30:00+00:00,43,30.09,27.1,6.98,6.809,0.2777,29.95,1137,5.83,32.01,feed1.csv
2023-01-02 00:00:00+00:00,44,27.28,51.06,6.67,7.202,0.3639,23.07,972,5.83,33.23,feed1.csv
2023-01-02 00:30:00+00:00,45,28.09,15.53,7.32,7.664,1.4574,28.46,1471,5.73,29.6,feed1.csv
2023-01-02 01:00:00+00:00,46,29.43,52.32,8.28,8.174,0.2797,11.72,963,5.83,31.83,feed1.csv
2023-01-02 01:30:00+00:00,47,27.49,16.37,7.56,7.685,1.283,34.47,1264,5.87,32.05,feed1.csv
2023-01-02 02:00:00+00:00,48,28.61,29.86,5.75,7.164,0.7435,39.51,1296,6.05,32.19,feed1.csv
2023-01-02 02:30:00+00:00,49,29.81,49.86,5.11,7.688,0.3784,13.67,1499,5.99,37.53,feed1.csv
2023-01-02 03:00:00+00:00,50,30.26,17.5,5.92,7.556,1.3074,8.83,1194,5.8,35.31,feed1.csv
2023-01-02 03:30:00+00:00,51,26.26,21.46,7.08,7.892,0.6735,5.95,1107,6.03,32.48,feed1.csv
2023-01-02 04:00:00+00:00,52,30.17,46.11,5.18,6.95,0.7771,30.68,982,5.98,37.34,feed1.csv
2023-01-02 04:30:00+00:00,53,28.02,46.0,6.74,7.865,0.5453,29.28,1428,5.97,40.24,feed1.csv
2023-01-02 05:00:00+00:00,54,26.88,42.06,7.09,7.558,0.8935,26.87,1309,6.12,38.56,feed1.csv
2023-01-02 05:30:00+00:00,55,27.91,44.7,6.17,8.148,0.2537,14.28,1345,6.18,33.96,feed1.csv
2023-01-02 06:00:00+00:00,56,30.55,37.14,7.7,7.279,0.5927,20.64,1363,6.19,36.53,feed1.csv
2023-01-02 06:30:00+00:00,57,28.15,22.59,5.37,7.686,1.4544,28.78,1423,6.04,40.53,feed1.csv
2023-01-02 07:00:00+00:00,58,27.37,27.28,5.26,8.105,0.3946,24.87,1393,6.11,37.08,feed1.csv
2023-01-02 07:30:00+00:00,59,28.93,19.08,7.55,6.944,0.9885,44.51,1026,6.19,39.89,feed1.csv
2023-01-02 08:00:00+00:00,60,27.01,55.42,6.73,8.112,0.4945,10.46,1235,6.28,41.05,feed1.csv
2023-01-02 08:30:00+00:00,61,26.24,39.17,7.41,7.763,1.1625,32.81,1221,6.15,38.15,feed1.csv
2023-01-02 09:00:00+00:00,62,26.55,30.04,6.52,6.895,0.205,21.17,1353,6.2,40.38,feed1.csv
2023-01-02 09:30:00+00:00,63,26.6,33.1,5.86,7.221,1.455,22.13,820,6.13,34.52,feed1.csv
2023-01-02 10:00:00+00:00,64,26.77,57.36,7.87,7.791,0.6861,33.7,1353,6.14,39.45,feed1.csv
2023-01-02 10:30:00+00:00,65,26.75,17.67,7.8,6.894,0.3617,32.7,1196,6.36,41.49,feed1.csv
2023-01-02 11:00:00+00:00,66,29.31,39.31,7.43,7.615,0.1195,44.65,1424,6.44,40.0,feed1.csv
2023-01-02 11:30:00+00:00,67,27.07,35.29,5.95,7.284,0.2629,10.14,904,6.31,46.26,feed1.csv
2023-01-02 12:00:00+00:00,68,27.93,40.57,7.07,7.669,0.7845,9.16,991,6.44,40.64,feed1.csv
2023-01-02 12:30:00+00:00,69,30.73,10.91,6.26,6.864,0.5121,33.97,816,6.4,43.12,feed1.csv
2023-01-02 13:00:00+00:00,70,28.66,53.61,5.32,8.02,1.245,28.14,919,6.32,44.76,feed1.csv
2023-01-02 13:30:00+00:00,71,29.67,56.61,8.21,8.163,0.652,15.97,1192,6.44,47.88,feed1.csv
2023-01-02 14:00:00+00:00,72,27.23,38.26,5.48,8.156,0.3806,8.18,1224,6.57,42.63,feed1.csv
2023-01-02 14:30:00+00:00,73,27.36,44.83,8.33,7.85,0.9295,8.43,928,6.44,48.33,feed1.csv
2023-01-02 15:00:00+00:00,74,26.63,56.12,6.56,6.982,1.0631,40.77,929,6.62,46.52,feed1.csv
2023-01-02 15:30:00+00:00,75,27.29,45.36,5.65,7.862,0.2589,12.67,1371,6.22,45.04,feed1.csv
2023-01-02 16:00:00+00:00,76,27.86,17.63,6.9,6.834,0.2598,17.93,1359,6.58,48.42,feed1.csv
2023-01-02 16:30:00+00:00,77,27.37,38.81,8.06,6.831,0.0646,14.07,828,6.53,48.4,feed1.csv
2023-01-02 17:00:00+00:00,78,26.94,40.34,7.56,7.253,1.1072,19.2,896,6.51,47.3,feed1.csv
2023-01-02 17:30:00+00:00,79,27.1,31.21,7.82,7.484,0.9991,7.78,809,6.57,49.14,feed1.csv
2023-01-02 18:00:00+00:00,80,28.8,46.82,7.31,7.879,0.7172,25.76,1041,6.38,48.73,feed1.csv
2023-01-02 18:30:00+00:00,81,27.53,56.72,7.42,7.757,1.2678,7.7,1031,6.58,50.23,feed1.csv
2023-01-02 19:00:00+00:00,82,28.31,56.28,7.97,7.424,1.2104,37.01,1083,6.66,51.82,feed1.csv
2023-01-02 19:30:00+00:00,83,28.99,32.54,5.87,7.183,0.8822,14.35,999,6.79,54.17,feed1.csv
2023-01-02 20:00:00+00:00,84,29.9,15.66,6.71,8.196,1.3037,26.6,878,6.61,49.02,feed1.csv
2023-01-02 20:30:00+00:00,85,26.62,59.24,5.77,7.397,0.3167,40.2,972,6.6,56.27,feed1.csv
2023-01-02 21:00:00+00:00,86,30.4,51.94,8.46,7.432,0.1768,31.04,1266,6.65,48.6,feed1.csv
2023-01-02 21:30:00+00:00,87,29.51,16.23,8.3,7.029,0.4119,26.32,1380,6.81,52.7,feed1.csv
2023-01-02 22:00:00+00:00,88,26.74,56.04,5.14,7.913,0.0951,17.97,1215,6.77,54.68,feed1.csv
2023-01-02 22:30:00+00:00,89,30.66,53.49,7.47,7.771,0.8014,18.32,1248,6.71,54.56,feed1.csv
2023-01-02 23:00:00+00:00,90,30.85,35.94,8.24,7.109,1.4055,31.78,886,6.83,53.25,feed1.csv
2023-01-02 23:30:00+00:00,91,26.51,39.56,5.63,6.915,0.0686,44.77,900,6.81,54.58,feed1.csv
2023-01-03 00:00:00+00:00,92,27.54,29.95,6.99,7.753,0.1919,31.47,807,6.92,54.51,feed1.csv
2023-01-03 00:30:00+00:00,93,30.14,12.74,8.2,7.716,0.6838,27.31,999,6.77,54.82,feed1.csv
2023-01-03 01:00:00+00:00,94,29.8,26.76,5.12,7.183,1.4015,34.23,1304,6.83,58.2,feed1.csv
2023-01-03 01:30:00+00:00,95,26.93,50.14,7.44,8.131,0.4811,23.61,886,6.84,57.71,feed1.csv
2023-01-03 02:00:00+00:00,96,27.01,10.23,6.04,7.011,0.7658,7.41,842,6.75,56.11,feed1.csv
2023-01-03 02:30:00+00:00,97,27.77,26.67,8.24,7.405,0.0719,27.49,1184,6.95,59.8,feed1.csv
2023-01-03 03:00:00+00:00,98,28.29,29.91,8.4,8.121,0.231,43.31,1420,6.97,59.11,feed1.csv
2023-01-03 03:30:00+00:00,99,28.91,36.87,8.3,7.388,1.4801,12.01,1234,6.96,60.63,feed1.csv
2023-01-03 04:00:00+00:00,100,27.62,55.99,6.66,7.694,1.448,32.6,1207,6.96,60.76,feed1.csv
2023-01-03 04:30:00+00:00,101,28.04,27.32,8.02,7.357,0.0174,13.04,1282,6.86,58.34,feed1.csv
2023-01-03 05:00:00+00:00,102,29.42,27.35,7.96,7.184,1.4282,26.43,1463,6.98,59.38,feed1.csv
2023-01-03 05:30:00+00:00,103,25.83,46.88,6.12,8.178,0.9623,8.87,816,7.01,62.49,feed1.csv
2023-01-03 06:00:00+00:00,104,26.88,32.61,7.9,7.373,1.3032,23.01,1444,6.98,62.72,feed1.csv
2023-01-03 06:30:00+00:00,105,29.15,21.23,5.13,8.052,0.6876,35.25,947,7.06,61.96,feed1.csv
2023-01-03 07:00:00+00:00,106,30.04,32.62,7.09,7.122,0.7782,18.9,1076,7.14,62.73,feed1.csv
2023-01-03 07:30:00+00:00,107,28.1,17.04,5.81,7.098,0.7384,31.6,1031,7.31,65.56,feed1.csv
2023-01-03 08:00:00+00:00,108,28.18,18.82,5.42,6.844,1.0036,36.82,1165,7.16,62.32,feed1.csv
2023-01-03 08:30:00+00:00,109,26.05,34.92,5.27,7.712,0.2181,42.09,1027,7.19,65.09,feed1.csv
2023-01-03 09:00:00+00:00,110,27.74,30.95,7.44,7.316,0.0547,14.39,1450,7.17,64.1,feed1.csv
2023-01-03 09:30:00+00:00,111,28.16,55.74,6.19,8.01,0.4688,20.97,1235,7.01,64.56,feed1.csv
2023-01-03 10:00:00+00:00,112,26.72,28.12,7.54,7.462,1.06,11.1,1198,7.22,67.7,feed1.csv
2023-01-03 10:30:00+00:00,113,26.86,39.03,5.23,8.155,0.3108,44.7,1010,7.25,67.65,feed1.csv
2023-01-03 11:00:00+00:00,114,27.41,41.61,6.1,7.06,1.0134,42.08,1190,7.51,68.13,feed1.csv
2023-01-03 11:30:00+00:00,115,25.64,10.65,6.89,8.016,1.4552,26.6,1298,7.26,69.61,feed1.csv
2023-01-03 12:00:00+00:00,116,27.17,43.18,7.77,7.887,0.1499,38.68,1339,7.33,67.54,feed1.csv
2023-01-03 12:30:00+00:00,117,26.65,18.9,6.12,7.879,1.0122,25.84,1362,7.32,69.36,feed1.csv
2023-01-03 13:00:00+00:00,118,27.26,58.05,7.19,7.983,0.6712,29.94,1290,7.22,67.88,feed1.csv
2023-01-03 13:30:00+00:00,119,26.25,17.43,8.1,7.865,1.3035,8.56,1241,7.47,69.65,feed1.csv
2023-01-03 14:00:00+00:00,120,30.14,30.73,7.16,7.677,0.274,35.21,1060,7.46,69.24,feed1.csv
2023-01-03 14:30:00+00:00,121,28.7,14.27,5.82,6.984,1.042,10.11,1149,7.48,70.19,feed1.csv
2023-01-03 15:00:00+00:00,122,29.17,59.84,5.09,6.846,1.2588,38.04,1151,7.33,71.69,feed1.csv
2023-01-03 15:30:00+00:00,123,29.77,35.11,8.05,8.089,1.4175,36.28,1319,7.58,69.36,feed1.csv
2023-01-03 16:00:00+00:00,124,28.36,39.77,5.07,7.663,1.028,33.35,1119,7.32,75.68,feed1.csv
2023-01-03 16:30:00+00:00,125,26.35,13.35,8.06,7.915,0.7508,6.45,937,7.54,69.99,feed1.csv
2023-01-03 17:00:00+00:00,126,28.65,47.5,6.85,7.474,0.9306,17.13,1349,7.72,70.07,feed1.csv
2023-01-03 17:30:00+00:00,127,28.95,20.5,8.29,6.964,1.3047,15.52,1422,7.42,75.32,feed1.csv
2023-01-03 18:00:00+00:00,128,29.79,54.9,7.8,6.975,0.8602,19.41,1167,7.48,75.08,feed1.csv
2023-01-03 18:30:00+00:00,129,28.27,20.26,8.49,7.76,0.0553,8.51,1019,7.57,75.25,feed1.csv
2023-01-03 19:00:00+00:00,130,26.8,19.53,6.23,7.402,1.3971,42.48,1136,7.53,75.76,feed1.csv
2023-01-03 19:30:00+00:00,131,27.63,11.83,7.69,7.081,1.0374,27.15,1022,7.44,74.98,feed1.csv
2023-01-03 20:00:00+00:00,132,28.07,33.6,6.41,7.488,1.018,17.22,1447,7.63,73.71,feed1.csv
2023-01-03 20:30:00+00:00,133,29.53,38.24,6.68,6.89,0.3314,20.88,1159,7.53,76.15,feed1.csv
2023-01-03 21:00:00+00:00,134,29.19,13.29,7.2,7.615,0.9917,22.89,1128,7.71,75.15,feed1.csv
2023-01-03 21:30:00+00:00,135,28.15,48.78,8.06,7.177,0.5969,29.02,1262,7.59,78.95,feed1.csv
2023-01-03 22:00:00+00:00,136,31.33,32.66,8.44,7.917,0.9803,25.63,1360,7.85,77.21,feed1.csv
2023-01-03 22:30:00+00:00,137,29.46,36.22,7.69,7.235,0.1688,41.78,1181,7.64,76.35,feed1.csv
2023-01-03 23:00:00+00:00,138,27.64,32.04,6.46,7.437,0.9902,24.88,1389,7.71,77.86,feed1.csv
2023-01-03 23:30:00+00:00,139,26.98,30.04,6.47,6.816,1.4991,44.69,1416,7.84,79.83,feed1.csv
2023-01-04 00:00:00+00:00,140,27.25,37.98,7.58,6.901,0.0818,39.06,968,7.66,78.37,feed1.csv
2023-01-04 00:30:00+00:00,141,27.73,17.76,5.84,7.349,1.466,13.34,1016,7.82,78.36,feed1.csv
2023-01-04 01:00:00+00:00,142,27.3,19.1,5.39,7.472,0.6163,42.22,1177,7.95,80.99,feed1.csv
2023-01-04 01:30:00+00:00,143,27.43,53.09,6.24,7.64,1.3074,9.65,918,7.68,81.49,feed1.csv
2023-01-04 02:00:00+00:00,144,27.92,57.31,6.01,7.208,1.1758,37.7,989,7.88,80.49,feed1.csv
2023-01-04 02:30:00+00:00,145,27.35,28.67,6.04,7.773,0.8549,20.22,1169,7.91,81.06,feed1.csv
2023-01-04 03:00:00+00:00,146,30.95,23.54,5.82,8.004,1.1103,40.12,948,7.98,82.96,feed1.csv
2023-01-04 03:30:00+00:00,147,26.85,42.2,5.15,7.892,1.319,39.72,1475,7.8,80.1,feed1.csv
2023-01-04 04:00:00+00:00,148,29.05,30.44,5.06,6.855,0.6122,37.24,1451,7.81,80.69,feed1.csv
2023-01-04 04:30:00+00:00,149,28.45,11.27,8.46,7.473,0.4973,36.6,1287,8.01,82.56,feed1.csv
2023-01-04 05:00:00+00:00,150,31.27,17.81,6.5,6.947,1.0047,17.19,1173,8.01,84.07,feed1.csv
2023-01-04 05:30:00+00:00,151,26.89,45.8,6.35,7.139,1.2137,8.24,1492,8.03,85.62,feed1.csv
2023-01-04 06:00:00+00:00,152,28.27,42.95,7.38,8.181,1.1458,21.12,959,8.05,88.45,feed1.csv
2023-01-04 06:30:00+00:00,153,31.09,11.35,5.76,6.999,1.1987,11.94,1150,7.97,87.72,feed1.csv
2023-01-04 07:00:00+00:00,154,30.53,21.1,8.32,7.498,0.659,32.8,1087,8.08,86.18,feed1.csv
2023-01-04 07:30:00+00:00,155,30.24,21.55,7.75,7.665,1.2286,18.84,1087,8.11,86.96,feed1.csv
2023-01-04 08:00:00+00:00,156,27.39,43.59,5.31,7.783,0.1891,44.02,1025,8.03,85.49,feed1.csv
2023-01-04 08:30:00+00:00,157,26.91,10.99,6.46,7.584,0.8213,30.64,1322,8.31,87.96,feed1.csv
2023-01-04 09:00:00+00:00,158,29.35,15.21,8.08,6.814,0.0186,37.9,1321,8.19,87.92,feed1.csv
2023-01-04 09:30:00+00:00,159,30.6,50.0,8.31,7.257,0.4936,10.3,1072,8.04,89.65,feed1.csv
2023-01-04 10:00:00+00:00,160,28.69,18.93,6.64,7.525,0.556,39.48,1201,8.25,87.85,feed1.csv
2023-01-04 10:30:00+00:00,161,28.71,42.64,7.15,6.923,0.6003,41.91,982,8.1,91.04,feed1.csv
2023-01-04 11:00:00+00:00,162,27.21,21.91,5.58,7.291,1.0462,24.48,1464,8.3,93.57,feed1.csv
2023-01-04 11:30:00+00:00,163,29.61,14.97,8.47,6.846,0.589,29.25,1287,8.36,90.78,feed1.csv
2023-01-04 12:00:00+00:00,164,26.66,22.16,5.81,6.91,0.6786,35.59,923,8.18,92.3,feed1.csv
2023-01-04 12:30:00+00:00,165,27.3,46.11,8.3,7.356,0.3639,11.99,1425,8.38,93.38,feed1.csv
2023-01-04 13:00:00+00:00,166,27.77,52.78,7.27,6.986,0.5661,25.1,1213,8.34,91.7,feed1.csv
2023-01-04 13:30:00+00:00,167,28.15,51.51,7.13,7.595,0.3486,20.95,971,8.4,93.45,feed1.csv
2023-01-04 14:00:00+00:00,168,26.79,29.86,6.79,7.765,0.1191,10.85,1087,8.53,93.53,feed1.csv
2023-01-04 14:30:00+00:00,169,26.13,43.4,5.81,7.921,0.9091,19.7,1234,8.34,94.2,feed1.csv
2023-01-04 15:00:00+00:00,170,28.59,20.25,5.62,7.08,1.0056,7.73,1485,8.3,92.95,feed1.csv
2023-01-04 15:30:00+00:00,171,26.96,24.66,5.77,7.034,0.933,6.03,912,8.31,95.05,feed1.csv
2023-01-04 16:00:00+00:00,172,28.41,54.82,5.65,6.946,0.7006,10.41,921,8.34,96.5,feed1.csv
2023-01-04 16:30:00+00:00,173,26.27,10.65,7.73,7.691,0.5759,43.52,1343,8.43,98.9,feed1.csv
2023-01-04 17:00:00+00:00,174,27.91,14.28,6.23,7.789,1.2964,26.98,1021,8.49,98.42,feed1.csv
2023-01-04 17:30:00+00:00,175,28.17,20.39,5.2,6.844,0.7834,43.63,1430,8.51,101.31,feed1.csv
2023-01-04 18:00:00+00:00,176,25.77,11.33,8.39,8.111,0.724,22.3,838,8.58,95.97,feed1.csv
2023-01-04 18:30:00+00:00,177,27.21,19.07,8.09,6.873,0.0482,17.47,1296,8.52,99.74,feed1.csv
2023-01-04 19:00:00+00:00,178,26.22,39.15,8.25,7.558,0.5185,25.25,1032,8.69,98.87,feed1.csv
2023-01-04 19:30:00+00:00,179,25.88,31.07,8.48,7.793,0.5765,22.58,1329,8.53,103.38,feed1.csv
2023-01-04 20:00:00+00:00,180,30.54,54.63,5.61,8.019,0.6042,9.23,948,8.85,97.88,feed1.csv
2023-01-04 20:30:00+00:00,181,27.24,50.87,6.39,7.8,0.8745,30.63,1196,8.66,98.32,feed1.csv
2023-01-04 21:00:00+00:00,182,29.71,27.09,7.65,7.922,0.8051,13.64,1460,8.53,99.3,feed1.csv
2023-01-04 21:30:00+00:00,183,26.97,22.97,7.44,7.275,0.9158,29.78,1437,8.53,96.75,feed1.csv
2023-01-04 22:00:00+00:00,184,29.15,28.98,5.54,7.941,1.1497,31.01,1101,8.71,100.45,feed1.csv
2023-01-04 22:30:00+00:00,185,29.58,39.51,7.86,6.912,1.2213,11.08,1159,8.66,100.48,feed1.csv
2023-01-04 23:00:00+00:00,186,28.81,23.4,5.79,8.053,1.08,7.45,1037,8.77,102.8,feed1.csv
2023-01-04 23:30:00+00:00,187,28.23,41.21,5.78,7.567,1.4337,36.23,1446,8.77,103.68,feed1.csv
2023-01-05 00:00:00+00:00,188,27.98,30.47,6.88,7.944,0.0372,23.39,1462,8.73,107.25,feed1.csv
2023-01-05 00:30:00+00:00,189,27.72,37.6,7.08,7.433,0.3017,7.33,1035,8.68,105.9,feed1.csv
2023-01-05 01:00:00+00:00,190,30.67,31.81,7.03,7.701,0.0213,44.79,1002,8.63,103.35,feed1.csv
2023-01-05 01:30:00+00:00,191,30.23,24.72,5.32,7.537,0.9747,7.31,1055,8.76,103.2,feed1.csv
2023-01-05 02:00:00+00:00,192,30.95,57.42,8.07,7.824,1.3481,32.8,1397,8.91,106.48,feed1.csv
2023-01-05 02:30:00+00:00,193,26.79,48.18,5.93,6.914,0.3728,44.35,1461,8.86,103.36,feed1.csv
2023-01-05 03:00:00+00:00,194,29.87,17.01,5.45,6.884,1.3913,14.57,1034,8.74,110.16,feed1.csv
2023-01-05 03:30:00+00:00,195,30.95,53.42,8.11,7.146,0.0998,10.69,1144,8.9,109.36,feed1.csv
2023-01-05 04:00:00+00:00,196,27.21,34.37,8.34,7.023,1.4023,9.86,1333,8.94,106.56,feed1.csv
2023-01-05 04:30:00+00:00,197,26.67,54.73,8.02,8.02,0.5339,17.13,1265,8.83,104.57,feed1.csv
2023-01-05 05:00:00+00:00,198,30.08,49.99,7.83,7.107,0.1611,9.04,1340,8.96,111.21,feed1.csv
2023-01-05 05:30:00+00:00,199,29.28,31.26,7.29,8.166,0.7339,32.69,1012,8.97,108.77,feed1.csv
2023-01-05 06:00:00+00:00,200,30.64,11.12,6.93,7.272,0.3926,7.49,1262,8.87,111.98,feed1.csv
2023-05-01 08:00:00+00:00,201,26.51,15.14,6.38,8.109,1.1938,42.34,1250,7.88,78.15,feed2.csv
2023-05-01 08:30:00+00:00,202,30.29,19.45,8.34,7.991,1.3277,37.05,1211,8.02,82.85,feed2.csv
2023-05-01 09:00:00+00:00,203,28.75,49.15,8.38,8.175,0.5237,31.97,1442,7.94,79.28,feed2.csv
2023-05-01 09:30:00+00:00,204,30.36,45.75,6.37,7.679,0.6981,5.23,1036,7.88,82.23,feed2.csv
2023-05-01 10:00:00+00:00,205,29.1,39.67,7.99,7.147,0.6276,23.63,1205,8.16,80.79,feed2.csv
2023-05-01 10:30:00+00:00,206,29.04,54.79,7.71,7.028,0.0297,27.85,1407,8.19,83.05,feed2.csv
2023-05-01 11:00:00+00:00,207,26.81,39.16,6.08,7.062,0.451,17.16,1221,8.03,81.95,feed2.csv
2023-05-01 11:30:00+00:00,208,27.16,33.35,5.81,6.828,0.6942,17.72,1046,8.16,80.99,feed2.csv
2023-05-01 12:00:00+00:00,209,31.22,27.02,6.6,7.347,0.6225,43.45,871,8.26,84.97,feed2.csv
2023-05-01 12:30:00+00:00,210,27.53,57.02,7.73,7.068,1.0857,40.67,984,8.2,84.03,feed2.csv
2023-05-01 13:00:00+00:00,211,31.31,14.14,8.36,7.376,0.5834,38.97,805,8.08,85.57,feed2.csv
2023-05-01 13:30:00+00:00,212,29.11,56.54,7.67,8.109,0.7392,21.24,1005,8.2,84.64,feed2.csv
2023-05-01 14:00:00+00:00,213,27.14,51.34,7.99,7.403,0.6501,5.55,1343,8.37,83.34,feed2.csv
2023-05-01 14:30:00+00:00,214,26.98,16.5,7.11,8.029,1.1135,8.21,1410,8.28,88.67,feed2.csv
2023-05-01 15:00:00+00:00,215,27.54,38.25,7.92,7.648,1.2958,17.49,1186,8.33,88.47,feed2.csv
2023-05-01 15:30:00+00:00,216,31.13,53.33,7.75,7.146,0.8025,5.63,1498,8.33,86.37,feed2.csv
2023-05-01 16:00:00+00:00,217,28.57,38.59,6.32,7.298,1.1863,5.69,875,8.23,88.14,feed2.csv
2023-05-01 16:30:00+00:00,218,28.47,55.36,6.93,6.917,0.4522,41.66,976,8.28,90.58,feed2.csv
2023-05-01 17:00:00+00:00,219,28.05,57.15,7.82,7.267,0.8166,33.25,1148,8.39,88.09,feed2.csv
2023-05-01 17:30:00+00:00,220,27.21,31.12,5.16,7.749,0.5244,17.36,1054,8.46,88.9,feed2.csv
2023-05-01 18:00:00+00:00,221,28.89,28.87,7.83,6.901,0.6272,10.31,1107,8.51,90.49,feed2.csv
2023-05-01 18:30:00+00:00,222,27.08,56.82,5.62,7.088,1.1013,25.47,1144,8.33,89.58,feed2.csv
2023-05-01 19:00:00+00:00,223,30.58,43.76,6.8,7.334,1.3237,5.21,926,8.48,92.71,feed2.csv
2023-05-01 19:30:00+00:00,224,28.22,15.8,7.83,8.175,0.191,42.54,1086,8.58,91.16,feed2.csv
2023-05-01 20:00:00+00:00,225,28.21,12.11,5.89,7.899,0.9556,21.59,1395,8.38,90.43,feed2.csv
2023-05-01 20:30:00+00:00,226,28.67,38.23,5.86,7.827,0.8774,21.09,1286,8.65,93.72,feed2.csv
2023-05-01 21:00:00+00:00,227,28.48,56.51,6.41,6.963,0.1864,20.62,1182,8.68,90.72,feed2.csv
2023-05-01 21:30:00+00:00,228,31.19,52.21,8.13,7.893,0.3257,7.77,1205,8.8,97.53,feed2.csv
2023-05-01 22:00:00+00:00,229,28.89,43.79,5.0,7.899,0.4734,30.53,1187,8.58,97.16,feed2.csv
2023-05-01 22:30:00+00:00,230,26.56,16.96,8.15,7.642,0.2587,34.32,1324,8.6,95.53,feed2.csv
2023-05-01 23:00:00+00:00,231,29.1,22.71,5.54,8.187,0.3732,32.05,1356,8.68,95.86,feed2.csv
2023-05-01 23:30:00+00:00,232,26.78,53.78,8.47,7.255,0.4087,10.54,1438,8.7,96.26,feed2.csv
2023-05-02 00:00:00+00:00,233,26.13,19.14,8.34,8.118,0.5102,28.15,1425,8.75,95.02,feed2.csv
2023-05-02 00:30:00+00:00,234,30.77,23.92,6.73,8.081,1.1266,27.78,1075,8.74,97.09,feed2.csv
2023-05-02 01:00:00+00:00,235,29.74,16.48,6.79,6.816,0.8621,39.74,1299,8.67,95.15,feed2.csv
2023-05-02 01:30:00+00:00,236,30.73,43.81,6.69,7.43,1.4795,20.17,1136,8.82,98.51,feed2.csv
2023-05-02 02:00:00+00:00,237,28.17,57.2,7.22,8.168,0.628,19.86,1280,8.61,99.74,feed2.csv
2023-05-02 02:30:00+00:00,238,28.4,23.45,5.32,6.944,1.1333,29.74,1072,8.74,97.74,feed2.csv
2023-05-02 03:00:00+00:00,239,26.54,33.77,5.11,7.567,1.3085,30.32,857,8.92,97.81,feed2.csv
2023-05-02 03:30:00+00:00,240,26.89,41.72,5.2,8.171,1.0217,23.77,1127,8.65,97.08,feed2.csv
2023-05-02 04:00:00+00:00,241,29.81,59.97,6.56,7.578,0.6237,22.72,908,8.73,102.92,feed2.csv
2023-05-02 04:30:00+00:00,242,27.37,15.24,5.96,7.066,1.1329,24.77,1078,8.89,99.47,feed2.csv
2023-05-02 05:00:00+00:00,243,29.7,34.93,7.18,7.615,0.3135,39.44,1485,8.88,100.6,feed2.csv
2023-05-02 05:30:00+00:00,244,29.09,29.26,8.47,7.086,0.4981,23.45,1127,8.77,102.1,feed2.csv
2023-05-02 06:00:00+00:00,245,26.41,53.29,6.35,7.528,0.8246,42.6,1114,8.84,102.56,feed2.csv
2023-05-02 06:30:00+00:00,246,28.05,33.8,7.01,6.904,0.8674,25.16,1273,8.78,103.99,feed2.csv
2023-05-02 07:00:00+00:00,247,28.89,15.55,6.45,7.648,0.043,42.97,910,9.02,102.24,feed2.csv
2023-05-02 07:30:00+00:00,248,26.68,41.72,7.97,7.524,1.4182,38.31,1498,8.91,101.22,feed2.csv
2023-05-02 08:00:00+00:00,249,29.66,48.54,8.16,7.836,1.048,19.5,1028,9.14,101.37,feed2.csv
2023-05-02 08:30:00+00:00,250,28.23,10.14,8.07,7.683,0.7486,39.55,1296,8.99,103.34,feed2.csv
2023-05-02 09:00:00+00:00,251,26.35,52.95,8.41,7.569,1.4004,9.4,955,8.98,103.1,feed2.csv
2023-05-02 09:30:00+00:00,252,28.45,19.3,5.1,7.766,0.6643,42.0,1272,8.99,104.89,feed2.csv
2023-05-02 10:00:00+00:00,253,30.56,37.6,7.94,7.002,1.4708,30.27,1071,9.02,108.62,feed2.csv
2023-05-02 10:30:00+00:00,254,26.34,30.79,7.63,7.634,0.7733,7.18,801,9.07,105.75,feed2.csv
2023-05-02 11:00:00+00:00,255,29.7,45.98,5.8,7.041,0.1803,30.77,1310,9.33,106.24,feed2.csv
2023-05-02 11:30:00+00:00,256,26.68,28.56,8.35,8.096,1.1496,43.97,1085,9.07,107.47,feed2.csv
2023-05-02 12:00:00+00:00,257,29.6,53.49,5.52,6.896,1.0216,7.79,812,9.09,107.19,feed2.csv
2023-05-02 12:30:00+00:00,258,29.4,46.52,7.38,7.403,1.1618,27.19,1407,9.15,108.37,feed2.csv
2023-05-02 13:00:00+00:00,259,27.27,42.39,5.79,7.774,1.4276,34.91,1297,9.27,110.08,feed2.csv
2023-05-02 13:30:00+00:00,260,27.44,49.81,6.51,7.441,1.167,37.41,1037,9.04,111.27,feed2.csv
2023-05-02 14:00:00+00:00,261,29.82,47.7,7.52,6.929,0.9209,21.55,893,9.25,112.01,feed2.csv
2023-05-02 14:30:00+00:00,262,28.22,11.8,6.97,7.575,1.2874,13.17,1137,9.14,114.61,feed2.csv
2023-05-02 15:00:00+00:00,263,29.61,29.74,6.5,7.698,1.0131,6.69,970,9.3,112.14,feed2.csv
2023-05-02 15:30:00+00:00,264,26.75,56.54,6.14,7.785,0.6181,28.19,1405,9.21,115.97,feed2.csv
2023-05-02 16:00:00+00:00,265,30.32,16.29,7.94,7.323,1.3296,23.12,1460,9.05,110.45,feed2.csv
2023-05-02 16:30:00+00:00,266,29.66,46.85,5.5,7.589,0.3406,42.95,1423,9.34,116.68,feed2.csv
2023-05-02 17:00:00+00:00,267,30.69,58.73,6.51,7.431,1.0748,7.42,1366,9.36,112.24,feed2.csv
2023-05-02 17:30:00+00:00,268,26.86,12.61,8.16,7.741,1.3235,32.42,1266,9.28,112.94,feed2.csv
2023-05-02 18:00:00+00:00,269,29.21,44.11,7.96,7.617,1.0997,6.0,1427,9.3,113.76,feed2.csv
2023-05-02 18:30:00+00:00,270,29.28,33.41,6.4,7.536,1.0489,11.86,942,9.25,114.06,feed2.csv
2023-05-02 19:00:00+00:00,271,28.1,38.96,7.67,7.149,1.1314,23.14,1000,9.48,115.17,feed2.csv
2023-05-02 19:30:00+00:00,272,28.66,14.27,7.88,6.803,0.7029,23.19,979,9.51,114.34,feed2.csv
2023-05-02 20:00:00+00:00,273,26.59,12.15,8.11,7.044,1.3125,32.43,1163,9.35,117.66,feed2.csv
2023-05-02 20:30:00+00:00,274,30.15,43.34,6.91,6.964,0.3131,41.41,1278,9.41,115.39,feed2.csv
2023-05-02 21:00:00+00:00,275,29.2,51.17,5.72,7.429,0.1998,30.56,1364,9.47,118.31,feed2.csv
2023-05-02 21:30:00+00:00,276,26.76,49.1,5.89,7.657,0.4354,43.14,1270,9.73,120.56,feed2.csv
2023-05-02 22:00:00+00:00,277,29.89,37.19,6.03,7.098,0.8021,40.26,1183,9.57,117.29,feed2.csv
2023-05-02 22:30:00+00:00,278,28.83,14.99,7.08,8.115,0.7707,28.38,1491,9.45,120.09,feed2.csv
2023-05-02 23:00:00+00:00,279,26.67,44.4,5.11,6.809,1.2327,38.35,1216,9.59,120.12,feed2.csv
2023-05-02 23:30:00+00:00,280,31.35,22.09,7.23,7.881,0.6128,30.7,1107,9.44,124.01,feed2.csv
2023-05-03 00:00:00+00:00,281,31.24,55.55,6.28,7.675,0.7317,8.14,1448,9.67,118.99,feed2.csv
2023-05-03 00:30:00+00:00,282,29.05,51.91,6.03,7.323,0.0299,34.62,1493,9.79,122.09,feed2.csv
2023-05-03 01:00:00+00:00,283,26.94,45.47,8.08,6.871,0.6205,8.8,1166,9.81,117.75,feed2.csv
2023-05-03 01:30:00+00:00,284,30.22,57.44,6.61,7.678,0.9752,28.76,800,9.73,120.51,feed2.csv
2023-05-03 02:00:00+00:00,285,28.89,11.57,5.33,7.34,0.0331,33.11,843,9.62,122.71,feed2.csv
2023-05-03 02:30:00+00:00,286,27.91,46.81,7.89,8.111,0.4285,7.66,897,9.57,125.29,feed2.csv
2023-05-03 03:00:00+00:00,287,28.82,26.51,5.17,7.559,0.3199,14.23,1064,9.58,120.55,feed2.csv
2023-05-03 03:30:00+00:00,288,28.94,55.3,7.54,8.116,0.0726,41.63,939,9.46,125.07,feed2.csv
2023-05-03 04:00:00+00:00,289,29.11,23.33,7.71,7.109,0.7241,29.65,1280,9.83,123.87,feed2.csv
2023-05-03 04:30:00+00:00,290,28.46,46.24,6.23,7.816,0.2808,14.85,1036,9.77,121.46,feed2.csv
2023-05-03 05:00:00+00:00,291,29.23,53.88,7.89,7.664,1.1172,32.63,871,9.89,125.36,feed2.csv
2023-05-03 05:30:00+00:00,292,30.75,12.08,6.8,7.835,1.2734,28.87,1466,9.96,128.92,feed2.csv
2023-05-03 06:00:00+00:00,293,27.92,29.88,6.62,7.101,0.8229,25.06,989,9.85,123.76,feed2.csv
2023-05-03 06:30:00+00:00,294,29.69,48.12,5.16,7.731,1.4727,44.05,1067,9.87,126.28,feed2.csv
2023-05-03 07:00:00+00:00,295,30.48,32.75,6.02,7.497,0.6812,32.34,1120,9.83,125.03,feed2.csv
2023-05-03 07:30:00+00:00,296,28.24,23.36,8.26,7.84,0.7749,20.02,906,9.87,126.56,feed2.csv
2023-05-03 08:00:00+00:00,297,28.13,20.99,6.37,7.258,1.4839,37.0,1031,9.99,130.86,feed2.csv
2023-05-03 08:30:00+00:00,298,28.87,16.58,6.91,8.046,0.355,40.38,841,9.92,127.96,feed2.csv
2023-05-03 09:00:00+00:00,299,28.77,52.86,6.86,6.918,1.4144,10.01,938,9.93,131.8,feed2.csv
2023-05-03 09:30:00+00:00,300,29.8,38.77,7.07,7.93,0.0738,13.02,1414,9.98,131.72,feed2.csv
2023-05-03 10:00:00+00:00,301,28.11,13.82,5.21,8.006,0.6751,13.65,1482,10.09,129.27,feed2.csv
2023-05-03 10:30:00+00:00,302,30.67,29.13,6.27,7.944,0.1143,32.65,1072,9.95,129.49,feed2.csv
2023-05-03 11:00:00+00:00,303,25.95,28.39,7.53,7.518,1.0966,29.12,1280,10.03,129.21,feed2.csv
2023-05-03 11:30:00+00:00,304,25.63,19.09,5.7,7.414,0.9165,29.76,1215,10.08,129.64,feed2.csv
2023-05-03 12:00:00+00:00,305,28.79,31.78,5.71,8.195,1.0629,42.63,1305,10.2,132.71,feed2.csv
2023-05-03 12:30:00+00:00,306,27.05,26.6,5.04,7.121,0.568,36.04,1223,10.08,132.46,feed2.csv
2023-05-03 13:00:00+00:00,307,26.74,27.09,6.53,7.566,0.5605,10.12,1206,10.05,131.75,feed2.csv
2023-05-03 13:30:00+00:00,308,27.08,46.95,8.09,7.739,0.0775,18.9,1367,10.09,130.4,feed2.csv
2023-05-03 14:00:00+00:00,309,26.79,21.16,5.18,7.781,0.5314,22.42,1189,10.27,134.21,feed2.csv
2023-05-03 14:30:00+00:00,310,25.66,42.09,5.67,7.086,1.3946,20.84,1141,10.38,133.56,feed2.csv
2023-05-03 15:00:00+00:00,311,30.36,38.53,6.09,7.716,0.575,31.77,1413,10.07,134.61,feed2.csv
2023-05-03 15:30:00+00:00,312,26.61,38.4,7.56,7.946,1.2487,40.68,1292,10.11,136.11,feed2.csv
2023-05-03 16:00:00+00:00,313,29.18,43.15,7.24,6.87,1.2651,17.24,991,10.22,131.0,feed2.csv
2023-05-03 16:30:00+00:00,314,29.34,37.42,6.46,8.076,0.5661,27.08,1298,10.27,133.43,feed2.csv
2023-05-03 17:00:00+00:00,315,30.19,53.96,7.66,6.841,0.9517,36.58,1032,10.36,141.59,feed2.csv
2023-05-03 17:30:00+00:00,316,25.72,43.78,7.13,7.298,0.1521,21.65,1026,10.21,136.49,feed2.csv
2023-05-03 18:00:00+00:00,317,29.95,37.35,8.14,6.822,0.1645,11.72,1170,10.21,132.97,feed2.csv
2023-05-03 18:30:00+00:00,318,28.26,51.49,7.86,6.908,0.0825,24.0,938,10.35,135.6,feed2.csv
2023-05-03 19:00:00+00:00,319,28.82,40.31,5.88,8.076,0.8757,7.21,948,10.33,143.97,feed2.csv
2023-05-03 19:30:00+00:00,320,28.91,24.56,5.95,7.297,0.6448,42.7,914,10.47,138.09,feed2.csv
2023-05-03 20:00:00+00:00,321,29.83,20.35,5.44,7.395,0.8266,7.99,1249,10.45,142.32,feed2.csv
2023-05-03 20:30:00+00:00,322,27.44,17.62,6.18,7.101,0.7864,22.54,862,10.48,140.74,feed2.csv
2023-05-03 21:00:00+00:00,323,29.49,54.97,8.5,7.636,0.5318,26.2,903,10.43,140.03,feed2.csv
2023-05-03 21:30:00+00:00,324,28.51,45.51,6.42,7.633,1.0194,44.41,1467,10.7,143.05,feed2.csv
2023-05-03 22:00:00+00:00,325,29.88,56.87,5.77,7.321,1.1402,11.64,1072,10.4,137.23,feed2.csv
2023-05-03 22:30:00+00:00,326,30.92,40.16,7.67,7.266,0.0318,9.58,805,10.56,139.62,feed2.csv
2023-05-03 23:00:00+00:00,327,27.02,33.67,6.9,8.039,0.3188,5.35,946,10.39,142.02,feed2.csv
2023-05-03 23:30:00+00:00,328,31.04,12.99,5.52,7.337,1.0727,11.22,983,10.43,140.81,feed2.csv
2023-05-04 00:00:00+00:00,329,26.56,43.58,6.33,7.491,0.5861,13.29,827,10.5,142.84,feed2.csv
2023-05-04 00:30:00+00:00,330,26.18,39.11,6.45,7.197,0.9971,30.22,1349,10.74,146.21,feed2.csv
2023-05-04 01:00:00+00:00,331,26.43,59.51,7.64,7.901,0.527,13.79,918,10.63,145.26,feed2.csv
2023-05-04 01:30:00+00:00,332,27.96,21.96,5.07,7.356,0.5922,5.82,1092,10.56,148.16,feed2.csv
2023-05-04 02:00:00+00:00,333,29.46,36.54,5.94,7.519,0.2464,38.06,1170,10.68,146.39,feed2.csv
2023-05-04 02:30:00+00:00,334,26.68,42.55,6.81,7.155,0.3948,19.62,1043,10.66,148.48,feed2.csv
2023-05-04 03:00:00+00:00,335,26.4,42.23,5.94,8.183,0.9121,19.15,1379,10.63,146.87,feed2.csv
2023-05-04 03:30:00+00:00,336,31.09,38.06,7.2,7.208,0.6554,17.1,1017,10.56,146.32,feed2.csv
2023-05-04 04:00:00+00:00,337,30.54,48.85,6.69,7.879,1.1637,44.01,976,10.86,150.96,feed2.csv
2023-05-04 04:30:00+00:00,338,30.5,20.25,6.27,7.398,1.2804,11.8,1098,10.76,147.08,feed2.csv
2023-05-04 05:00:00+00:00,339,30.89,46.28,8.32,7.089,0.8171,40.93,1475,10.98,149.69,feed2.csv
2023-05-04 05:30:00+00:00,340,29.99,40.99,7.21,7.92,1.1398,36.07,857,10.87,151.04,feed2.csv
2023-05-04 06:00:00+00:00,341,27.02,54.8,5.45,7.267,0.4673,8.06,1068,10.86,151.68,feed2.csv
2023-05-04 06:30:00+00:00,342,28.5,52.36,6.96,8.011,0.6283,44.47,1107,10.78,148.17,feed2.csv
2023-05-04 07:00:00+00:00,343,30.11,25.76,7.73,8.081,1.072,15.85,1369,10.73,153.1,feed2.csv
2023-05-04 07:30:00+00:00,344,27.9,23.81,7.48,8.004,0.5855,8.94,1087,10.84,149.54,feed2.csv
2023-05-04 08:00:00+00:00,345,29.92,59.08,5.6,6.849,0.8869,38.17,904,10.77,153.62,feed2.csv
2023-05-04 08:30:00+00:00,346,26.59,36.36,8.4,7.902,0.2862,33.27,1027,10.97,153.57,feed2.csv
2023-05-04 09:00:00+00:00,347,27.98,55.32,6.57,7.376,0.9037,29.69,1046,11.08,154.64,feed2.csv
2023-05-04 09:30:00+00:00,348,29.17,18.19,5.56,8.023,1.2937,11.24,1499,10.91,151.09,feed2.csv
2023-05-04 10:00:00+00:00,349,29.55,42.14,5.63,7.693,1.3043,24.14,1293,11.05,155.18,feed2.csv
2023-05-04 10:30:00+00:00,350,29.25,50.49,5.34,7.967,1.0893,36.22,882,10.91,156.67,feed2.csv
2023-05-04 11:00:00+00:00,351,29.81,57.37,7.81,7.499,1.1212,17.14,985,10.97,155.39,feed2.csv
2023-05-04 11:30:00+00:00,352,26.32,26.87,5.43,7.549,0.8413,17.47,1051,10.94,153.86,feed2.csv
2023-05-04 12:00:00+00:00,353,26.75,46.25,5.44,7.002,0.8812,5.13,1154,10.83,157.84,feed2.csv
2023-05-04 12:30:00+00:00,354,30.54,36.94,7.98,7.898,0.2091,11.97,1495,11.06,156.73,feed2.csv
2023-05-04 13:00:00+00:00,355,29.56,13.03,6.21,7.387,0.6714,40.02,1009,11.09,153.65,feed2.csv
2023-05-04 13:30:00+00:00,356,26.67,44.5,5.11,7.5,0.6817,22.67,1408,11.21,155.71,feed2.csv
2023-05-04 14:00:00+00:00,357,30.26,44.5,5.18,7.899,1.4382,44.37,1246,11.2,156.95,feed2.csv
2023-05-04 14:30:00+00:00,358,27.22,56.53,5.5,7.638,0.6523,20.83,1259,11.22,161.51,feed2.csv
2023-05-04 15:00:00+00:00,359,28.35,34.87,5.75,7.082,0.8285,33.61,1271,11.06,161.66,feed2.csv
2023-05-04 15:30:00+00:00,360,26.63,21.51,7.33,7.626,0.8045,16.28,1169,11.23,162.15,feed2.csv
2023-05-04 16:00:00+00:00,361,29.41,12.23,5.55,7.371,0.9588,19.55,1291,11.36,160.46,feed2.csv
2023-05-04 16:30:00+00:00,362,29.14,30.78,5.42,7.457,1.1249,12.63,936,11.26,162.33,feed2.csv
2023-05-04 17:00:00+00:00,363,26.82,25.1,7.68,6.84,0.3453,18.88,1166,11.42,158.72,feed2.csv
2023-05-04 17:30:00+00:00,364,30.04,48.05,7.35,7.094,0.7978,26.89,983,11.46,161.51,feed2.csv
2023-05-04 18:00:00+00:00,365,27.69,27.71,6.52,7.193,1.2406,44.67,1387,11.25,162.9,feed2.csv
2023-05-04 18:30:00+00:00,366,27.11,57.45,6.92,7.798,0.7,31.57,1086,11.23,160.35,feed2.csv
2023-05-04 19:00:00+00:00,367,26.37,58.12,6.09,6.816,0.4249,12.97,1271,11.24,163.42,feed2.csv
2023-05-04 19:30:00+00:00,368,26.91,41.05,6.69,7.372,0.9855,6.8,1174,11.19,166.87,feed2.csv
2023-05-04 20:00:00+00:00,369,25.67,56.43,6.77,8.094,1.2374,10.05,1453,11.31,165.12,feed2.csv
2023-05-04 20:30:00+00:00,370,28.45,48.04,6.36,6.957,0.1041,27.5,1336,11.5,166.34,feed2.csv
2023-05-04 21:00:00+00:00,371,29.73,37.34,8.17,7.523,1.1674,35.61,1310,11.18,160.1,feed2.csv
2023-05-04 21:30:00+00:00,372,28.25,19.02,5.06,7.901,1.2343,42.62,1378,11.32,168.62,feed2.csv
2023-05-04 22:00:00+00:00,373,26.6,32.93,7.74,8.12,0.6977,5.63,1049,11.43,165.63,feed2.csv
2023-05-04 22:30:00+00:00,374,25.67,38.04,5.44,7.845,1.4751,25.91,1309,11.37,164.96,feed2.csv
2023-05-04 23:00:00+00:00,375,26.58,53.2,7.79,7.809,1.1822,23.83,1429,11.43,166.65,feed2.csv
2023-05-04 23:30:00+00:00,376,27.59,34.07,7.16,7.957,1.1628,31.24,872,11.45,164.53,feed2.csv
2023-05-05 00:00:00+00:00,377,29.32,54.88,7.95,7.425,1.1243,27.38,1081,11.49,170.1,feed2.csv
2023-05-05 00:30:00+00:00,378,26.48,43.72,5.34,7.928,0.2344,32.48,1159,11.47,167.83,feed2.csv
2023-05-05 01:00:00+00:00,379,29.17,16.85,6.96,6.811,0.3337,31.32,809,11.48,167.52,feed2.csv
2023-05-05 01:30:00+00:00,380,29.93,59.75,6.75,8.094,0.7013,9.68,1010,11.67,169.16,feed2.csv
2023-05-05 02:00:00+00:00,381,27.89,36.36,7.47,7.421,0.4034,36.99,951,11.7,172.24,feed2.csv
2023-05-05 02:30:00+00:00,382,29.77,29.59,6.87,7.575,0.6287,9.93,804,11.48,170.76,feed2.csv
2023-05-05 03:00:00+00:00,383,28.47,42.96,6.89,7.157,1.3338,32.94,994,11.36,168.18,feed2.csv
2023-05-05 03:30:00+00:00,384,28.92,15.44,6.5,7.84,1.2382,21.65,1082,11.77,172.43,feed2.csv
2023-05-05 04:00:00+00:00,385,28.41,41.83,6.08,6.907,0.9488,25.55,1263,11.56,170.14,feed2.csv
2023-05-05 04:30:00+00:00,386,28.14,34.91,6.69,8.022,1.2886,41.13,912,11.72,168.19,feed2.csv
2023-05-05 05:00:00+00:00,387,27.05,30.33,5.41,7.959,1.1778,40.6,1070,11.56,175.99,feed2.csv
2023-05-05 05:30:00+00:00,388,27.44,57.65,8.37,7.102,0.6492,37.71,962,11.87,174.41,feed2.csv
2023-05-05 06:00:00+00:00,389,27.43,36.13,7.5,7.933,0.3096,25.41,1259,12.01,173.84,feed2.csv
2023-05-05 06:30:00+00:00,390,28.84,20.96,8.33,7.901,0.7762,34.45,904,11.8,173.81,feed2.csv
2023-05-05 07:00:00+00:00,391,26.67,32.95,5.79,7.685,1.107,25.52,1492,11.79,177.79,feed2.csv
2023-05-05 07:30:00+00:00,392,30.71,55.97,8.08,7.323,0.6603,39.78,1355,11.79,181.67,feed2.csv
2023-05-05 08:00:00+00:00,393,29.77,18.8,7.83,7.18,1.0035,21.11,1081,11.92,176.9,feed2.csv
2023-05-05 08:30:00+00:00,394,28.22,20.7,7.37,7.124,0.1505,43.81,1486,11.92,174.44,feed2.csv
2023-05-05 09:00:00+00:00,395,27.05,10.65,7.19,7.246,1.1245,42.29,961,11.98,176.69,feed2.csv
2023-05-05 09:30:00+00:00,396,30.71,10.71,6.11,8.065,1.2209,34.66,1150,11.84,178.36,feed2.csv
2023-05-05 10:00:00+00:00,397,30.46,51.47,7.86,6.909,1.0632,16.18,1233,11.95,173.3,feed2.csv
2023-05-05 10:30:00+00:00,398,29.98,46.61,6.76,7.96,1.4512,10.27,939,11.89,179.17,feed2.csv
2023-05-05 11:00:00+00:00,399,27.76,27.75,5.25,7.288,1.2417,39.19,1270,11.85,179.87,feed2.csv
2023-05-05 11:30:00+00:00,400,28.45,44.92,6.1,7.53,1.3556,11.61,931,11.98,182.15,feed2.csv
2023-09-01 02:30:00+00:00,401,26.81,53.32,6.34,7.679,0.66,39.52,1076,12.11,202.66,feed3.csv
2023-09-01 03:00:00+00:00,402,29.34,12.98,5.59,7.069,0.9909,24.22,1335,11.91,201.13,feed3.csv
2023-09-01 03:30:00+00:00,403,31.09,44.6,7.93,7.004,0.6622,7.75,1285,11.96,199.79,feed3.csv
2023-09-01 04:00:00+00:00,404,28.41,17.0,6.92,8.113,0.4224,26.99,1315,12.0,202.41,feed3.csv
2023-09-01 04:30:00+00:00,405,27.97,30.79,5.66,8.085,0.8417,21.69,951,12.03,201.08,feed3.csv
2023-09-01 05:00:00+00:00,406,28.24,37.43,7.52,8.042,0.527,40.11,1282,11.99,201.11,feed3.csv
2023-09-01 05:30:00+00:00,407,26.86,30.14,6.79,7.676,1.4,13.16,1058,12.24,200.69,feed3.csv
2023-09-01 06:00:00+00:00,408,30.74,35.98,7.12,7.932,1.3847,38.06,1123,12.11,200.0,feed3.csv
2023-09-01 06:30:00+00:00,409,28.43,59.83,6.61,6.897,0.7585,27.31,967,12.2,203.22,feed3.csv
2023-09-01 07:00:00+00:00,410,28.33,16.76,7.9,7.269,0.4985,7.18,1487,12.12,204.82,feed3.csv
2023-09-01 07:30:00+00:00,411,29.72,43.77,7.9,7.239,1.1083,43.87,1109,12.02,204.81,feed3.csv
2023-09-01 08:00:00+00:00,412,28.66,29.8,7.48,7.69,0.0647,25.5,1278,12.25,204.67,feed3.csv
2023-09-01 08:30:00+00:00,413,29.71,16.65,5.37,7.298,0.7174,16.64,855,12.05,204.11,feed3.csv
2023-09-01 09:00:00+00:00,414,26.79,17.94,7.94,7.008,0.5111,23.78,1419,12.25,207.72,feed3.csv
2023-09-01 09:30:00+00:00,415,30.56,57.46,7.35,7.635,1.3816,39.31,1272,12.14,204.37,feed3.csv
2023-09-01 10:00:00+00:00,416,31.2,53.98,7.44,7.94,0.0279,17.2,1095,12.5,209.05,feed3.csv
2023-09-01 10:30:00+00:00,417,29.74,55.35,6.27,7.335,0.8337,12.71,1260,12.41,206.0,feed3.csv
2023-09-01 11:00:00+00:00,418,31.27,59.58,8.08,6.985,1.1136,10.16,1123,12.35,207.0,feed3.csv
2023-09-01 11:30:00+00:00,419,27.24,20.42,7.54,7.075,0.7327,16.91,940,12.49,206.07,feed3.csv
2023-09-01 12:00:00+00:00,420,28.86,27.77,5.39,7.132,0.1373,36.2,1466,12.3,208.5,feed3.csv
2023-09-01 12:30:00+00:00,421,29.46,43.46,6.43,7.22,1.459,23.87,1061,12.45,211.95,feed3.csv
2023-09-01 13:00:00+00:00,422,29.34,34.19,8.1,7.7,0.7818,14.1,1219,12.44,211.53,feed3.csv
2023-09-01 13:30:00+00:00,423,28.41,30.92,5.17,7.641,0.9251,11.65,1040,12.47,212.96,feed3.csv
2023-09-01 14:00:00+00:00,424,28.06,27.89,8.36,7.775,0.3625,18.31,1154,12.59,212.54,feed3.csv
2023-09-01 14:30:00+00:00,425,26.97,39.69,7.38,7.308,0.7304,42.6,1388,12.55,209.79,feed3.csv
2023-09-01 15:00:00+00:00,426,28.26,38.78,7.21,7.954,0.6494,18.72,979,12.53,211.84,feed3.csv
2023-09-01 15:30:00+00:00,427,27.07,18.07,5.95,7.086,0.1216,44.52,865,12.35,211.44,feed3.csv
2023-09-01 16:00:00+00:00,428,29.89,33.59,5.87,7.457,0.1682,24.41,1147,12.44,216.16,feed3.csv
2023-09-01 16:30:00+00:00,429,27.21,37.67,8.3,7.921,1.2578,12.17,970,12.55,211.61,feed3.csv
2023-09-01 17:00:00+00:00,430,26.41,38.51,6.04,7.052,0.3673,40.65,1273,12.59,216.29,feed3.csv
2023-09-01 17:30:00+00:00,431,28.83,20.51,7.71,6.954,0.3005,23.41,1333,12.49,216.79,feed3.csv
2023-09-01 18:00:00+00:00,432,29.0,47.11,6.38,8.037,0.7623,33.39,1166,12.86,219.16,feed3.csv
2023-09-01 18:30:00+00:00,433,30.33,11.26,5.49,7.28,1.1554,44.35,906,12.79,215.18,feed3.csv
2023-09-01 19:00:00+00:00,434,28.81,27.74,5.04,7.757,0.1023,7.01,1238,12.72,217.92,feed3.csv
2023-09-01 19:30:00+00:00,435,27.6,49.01,6.9,6.835,0.8694,8.87,1026,12.69,221.56,feed3.csv
2023-09-01 20:00:00+00:00,436,29.84,38.19,8.42,7.766,0.1876,33.82,1243,12.68,216.26,feed3.csv
2023-09-01 20:30:00+00:00,437,28.48,23.06,6.29,7.243,0.0643,16.27,1241,12.62,214.93,feed3.csv
2023-09-01 21:00:00+00:00,438,26.13,44.75,6.25,6.878,0.0886,12.37,1195,12.75,214.74,feed3.csv
2023-09-01 21:30:00+00:00,439,28.52,38.37,6.2,7.654,1.2529,6.57,1380,12.79,220.43,feed3.csv
2023-09-01 22:00:00+00:00,440,30.2,49.81,6.82,7.137,0.1858,5.87,883,12.66,215.73,feed3.csv
2023-09-01 22:30:00+00:00,441,27.6,46.75,6.54,7.342,0.0773,35.98,1414,12.83,219.26,feed3.csv
2023-09-01 23:00:00+00:00,442,27.07,40.51,8.08,6.913,0.6625,10.38,1350,12.8,221.37,feed3.csv
2023-09-01 23:30:00+00:00,443,26.28,34.41,6.77,7.006,1.2676,23.71,812,12.65,221.37,feed3.csv
2023-09-02 00:00:00+00:00,444,26.3,16.66,6.78,7.217,0.401,29.24,1492,12.77,222.35,feed3.csv
2023-09-02 00:30:00+00:00,445,27.69,23.07,5.48,6.926,0.6384,22.13,1292,12.84,222.44,feed3.csv
2023-09-02 01:00:00+00:00,446,28.49,30.95,8.44,8.075,0.0695,6.08,1067,13.09,225.06,feed3.csv
2023-09-02 01:30:00+00:00,447,25.91,39.96,5.87,6.808,0.6791,36.34,1324,12.98,221.1,feed3.csv
2023-09-02 02:00:00+00:00,448,30.2,35.69,5.26,7.477,0.8706,5.42,919,12.81,222.15,feed3.csv
2023-09-02 02:30:00+00:00,449,29.28,24.41,7.32,6.973,0.8607,35.48,1152,13.01,222.45,feed3.csv
2023-09-02 03:00:00+00:00,450,28.44,10.32,7.08,7.231,0.5053,40.73,856,12.83,226.16,feed3.csv
2023-09-02 03:30:00+00:00,451,29.66,34.81,6.45,8.096,0.4801,22.31,839,13.11,226.8,feed3.csv
2023-09-02 04:00:00+00:00,452,25.94,24.28,6.48,7.026,0.1689,26.42,1135,12.97,226.4,feed3.csv
2023-09-02 04:30:00+00:00,453,27.94,46.73,7.75,8.152,0.5565,24.08,1439,13.03,228.37,feed3.csv
2023-09-02 05:00:00+00:00,454,28.73,11.2,5.68,7.088,0.1582,20.57,972,13.19,224.14,feed3.csv
2023-09-02 05:30:00+00:00,455,29.76,39.24,7.87,7.838,1.1522,40.5,1346,12.95,230.33,feed3.csv
2023-09-02 06:00:00+00:00,456,29.56,57.07,7.27,7.565,1.4497,40.76,1058,12.96,230.55,feed3.csv
2023-09-02 06:30:00+00:00,457,27.07,18.72,6.47,8.038,1.4554,18.43,1316,13.06,229.47,feed3.csv
2023-09-02 07:00:00+00:00,458,30.43,33.58,6.6,7.576,1.299,29.6,1322,13.24,232.06,feed3.csv
2023-09-02 07:30:00+00:00,459,26.39,14.57,5.9,7.548,0.9052,42.08,916,13.01,225.69,feed3.csv
2023-09-02 08:00:00+00:00,460,30.19,41.28,7.63,7.074,1.0543,43.48,983,12.9,228.45,feed3.csv
2023-09-02 08:30:00+00:00,461,30.71,37.53,6.8,7.033,0.435,25.36,915,13.15,228.53,feed3.csv
2023-09-02 09:00:00+00:00,462,26.79,30.37,6.12,8.083,0.9498,23.11,961,13.28,231.94,feed3.csv
2023-09-02 09:30:00+00:00,463,29.57,36.07,7.09,7.259,0.6889,16.15,1378,13.36,228.9,feed3.csv
2023-09-02 10:00:00+00:00,464,26.21,54.83,8.49,7.321,0.7282,43.35,1342,13.21,233.01,feed3.csv
2023-09-02 10:30:00+00:00,465,28.09,19.81,6.52,7.864,1.1391,10.71,1386,13.24,234.74,feed3.csv
2023-09-02 11:00:00+00:00,466,28.69,11.13,8.22,7.274,0.4301,28.19,1036,13.42,233.89,feed3.csv
2023-09-02 11:30:00+00:00,467,29.06,53.08,6.21,8.133,0.4839,16.3,865,13.13,233.57,feed3.csv
2023-09-02 12:00:00+00:00,468,30.88,38.86,5.19,7.833,1.3877,16.16,869,13.3,231.52,feed3.csv
2023-09-02 12:30:00+00:00,469,29.61,54.53,5.71,7.636,0.0938,21.2,1246,13.38,232.31,feed3.csv
2023-09-02 13:00:00+00:00,470,28.7,39.85,6.47,8.033,0.7336,44.95,1215,13.42,237.0,feed3.csv
2023-09-02 13:30:00+00:00,471,30.38,50.51,5.77,6.869,1.3701,7.2,1331,13.35,236.56,feed3.csv
2023-09-02 14:00:00+00:00,472,31.12,31.48,5.0,7.16,0.9194,28.14,1240,13.42,235.42,feed3.csv
2023-09-02 14:30:00+00:00,473,26.51,47.49,8.2,7.451,0.8241,8.3,1263,13.19,235.16,feed3.csv
2023-09-02 15:00:00+00:00,474,31.34,55.65,7.95,7.118,0.3821,11.18,1195,13.39,232.45,feed3.csv
2023-09-02 15:30:00+00:00,475,26.88,38.61,7.6,7.841,0.5215,22.58,1350,13.53,234.86,feed3.csv
2023-09-02 16:00:00+00:00,476,30.54,19.04,5.59,8.087,1.2796,25.42,1456,13.4,241.32,feed3.csv
2023-09-02 16:30:00+00:00,477,27.89,23.44,5.42,7.393,0.8432,15.35,1356,13.53,235.44,feed3.csv
2023-09-02 17:00:00+00:00,478,27.15,19.93,5.24,7.279,0.777,17.66,1194,13.58,238.88,feed3.csv
2023-09-02 17:30:00+00:00,479,28.7,22.34,7.53,8.146,0.1584,8.48,1125,13.53,241.01,feed3.csv
2023-09-02 18:00:00+00:00,480,29.72,25.32,8.25,7.423,0.0339,17.13,890,13.6,236.99,feed3.csv
2023-09-02 18:30:00+00:00,481,28.4,37.76,6.51,7.485,1.4459,43.66,869,13.5,240.37,feed3.csv
2023-09-02 19:00:00+00:00,482,26.76,39.4,5.42,7.292,0.5717,42.79,965,13.6,242.38,feed3.csv
2023-09-02 19:30:00+00:00,483,29.47,31.32,6.79,8.073,0.9088,18.4,1441,13.7,241.02,feed3.csv
2023-09-02 20:00:00+00:00,484,30.96,40.77,6.22,7.597,0.1288,27.83,1013,13.68,247.24,feed3.csv
2023-09-02 20:30:00+00:00,485,28.34,14.08,6.31,7.867,1.0278,41.38,1400,13.62,238.66,feed3.csv
2023-09-02 21:00:00+00:00,486,27.48,14.39,7.17,7.937,1.3995,5.25,1134,13.72,244.62,feed3.csv
2023-09-02 21:30:00+00:00,487,28.58,18.59,7.52,7.279,0.8677,37.43,1168,13.79,242.65,feed3.csv
2023-09-02 22:00:00+00:00,488,26.57,35.9,5.39,7.407,0.1979,42.93,1383,13.54,245.04,feed3.csv
2023-09-02 22:30:00+00:00,489,30.39,20.7,5.12,7.988,0.8768,8.65,1476,13.88,244.88,feed3.csv
2023-09-02 23:00:00+00:00,490,30.38,24.16,8.48,7.309,1.1519,11.46,848,13.75,243.03,feed3.csv
2023-09-02 23:30:00+00:00,491,29.15,30.02,5.81,7.912,0.6156,43.43,851,13.84,245.46,feed3.csv
2023-09-03 00:00:00+00:00,492,27.93,50.59,5.19,8.117,1.321,26.5,1088,13.94,241.78,feed3.csv
2023-09-03 00:30:00+00:00,493,30.11,10.69,5.66,7.672,0.9765,5.57,1425,13.7,247.21,feed3.csv
2023-09-03 01:00:00+00:00,494,28.84,42.47,5.14,7.838,1.3499,15.31,1038,13.79,247.1,feed3.csv
2023-09-03 01:30:00+00:00,495,30.14,43.44,6.37,7.927,0.939,23.0,932,13.85,248.28,feed3.csv
2023-09-03 02:00:00+00:00,496,29.12,49.93,7.81,7.983,0.2056,32.72,965,13.82,249.62,feed3.csv
2023-09-03 02:30:00+00:00,497,29.83,56.64,6.19,7.353,0.4714,34.33,1173,14.09,248.74,feed3.csv
2023-09-03 03:00:00+00:00,498,28.86,11.01,6.55,6.872,0.3107,44.82,1172,13.85,248.8,feed3.csv
2023-09-03 03:30:00+00:00,499,27.89,17.69,7.36,7.363,1.3642,16.5,1277,13.9,247.24,feed3.csv
2023-09-03 04:00:00+00:00,500,30.56,54.31,6.78,7.743,1.143,26.53,1278,14.0,248.08,feed3.csv
2023-09-03 04:30:00+00:00,501,28.43,32.93,8.02,7.43,1.0178,26.33,1449,13.88,252.37,feed3.csv
2023-09-03 05:00:00+00:00,502,28.71,38.23,8.03,7.849,0.4584,21.23,1390,13.98,253.37,feed3.csv
2023-09-03 05:30:00+00:00,503,26.75,43.15,5.03,7.3,0.2842,11.77,1481,14.07,250.52,feed3.csv
2023-09-03 06:00:00+00:00,504,28.74,43.95,7.72,7.689,1.1371,44.1,1434,14.03,251.59,feed3.csv
2023-09-03 06:30:00+00:00,505,28.44,56.59,6.61,7.061,0.7165,39.13,1487,14.07,250.19,feed3.csv
2023-09-03 07:00:00+00:00,506,26.48,59.85,8.46,7.849,0.3464,24.93,1099,14.05,254.85,feed3.csv
2023-09-03 07:30:00+00:00,507,25.84,46.01,6.69,7.564,0.9288,29.13,881,13.97,254.33,feed3.csv
2023-09-03 08:00:00+00:00,508,28.54,24.36,8.45,7.086,0.0701,14.09,886,14.17,257.38,feed3.csv
2023-09-03 08:30:00+00:00,509,29.33,53.99,7.64,7.209,0.496,26.75,1024,14.34,252.24,feed3.csv
2023-09-03 09:00:00+00:00,510,28.12,12.46,5.87,7.848,0.7081,32.8,815,14.18,253.74,feed3.csv
2023-09-03 09:30:00+00:00,511,26.63,21.55,6.88,7.476,0.2305,25.61,1157,14.22,255.46,feed3.csv
2023-09-03 10:00:00+00:00,512,28.84,54.87,8.47,7.102,1.4771,44.61,962,14.29,256.79,feed3.csv
2023-09-03 10:30:00+00:00,513,25.91,22.81,8.0,8.154,0.3216,29.45,1409,14.11,255.57,feed3.csv
2023-09-03 11:00:00+00:00,514,27.73,21.03,5.34,7.801,0.2042,19.84,1467,14.43,254.75,feed3.csv
2023-09-03 11:30:00+00:00,515,26.36,16.91,7.47,8.14,0.3133,35.89,1313,14.3,258.76,feed3.csv
2023-09-03 12:00:00+00:00,516,26.48,52.96,6.21,7.398,1.1559,11.82,1149,14.46,258.94,feed3.csv
2023-09-03 12:30:00+00:00,517,26.6,35.0,5.02,7.465,0.644,20.38,1480,14.25,256.17,feed3.csv
2023-09-03 13:00:00+00:00,518,27.55,43.74,6.41,8.057,0.8525,18.88,1263,14.52,261.21,feed3.csv
2023-09-03 13:30:00+00:00,519,25.91,21.95,5.82,7.535,0.0413,22.27,1174,14.44,261.34,feed3.csv
2023-09-03 14:00:00+00:00,520,27.68,47.9,7.87,7.79,0.0613,36.27,891,14.44,259.77,feed3.csv
2023-09-03 14:30:00+00:00,521,28.29,48.0,6.18,7.153,0.6743,24.37,980,14.42,260.16,feed3.csv
2023-09-03 15:00:00+00:00,522,28.19,25.63,7.9,7.425,1.2268,36.76,1100,14.4,261.61,feed3.csv
2023-09-03 15:30:00+00:00,523,27.73,30.53,5.0,6.973,1.329,28.06,1459,14.56,259.28,feed3.csv
2023-09-03 16:00:00+00:00,524,30.06,20.48,6.08,7.088,0.1392,18.68,988,14.47,261.56,feed3.csv
2023-09-03 16:30:00+00:00,525,26.64,58.83,5.84,6.801,0.8122,37.4,1113,14.28,257.7,feed3.csv
2023-09-03 17:00:00+00:00,526,28.5,42.28,5.82,6.855,1.3707,14.53,1292,14.39,264.25,feed3.csv
2023-09-03 17:30:00+00:00,527,26.33,56.73,5.24,8.168,0.5881,13.98,927,14.5,259.88,feed3.csv
2023-09-03 18:00:00+00:00,528,26.42,25.17,5.65,7.139,1.2461,25.18,1318,14.57,266.51,feed3.csv
2023-09-03 18:30:00+00:00,529,28.99,49.09,6.94,7.729,0.2092,15.43,1225,14.55,263.34,feed3.csv
2023-09-03 19:00:00+00:00,530,28.99,48.29,6.02,7.975,1.4037,5.36,1358,14.7,264.08,feed3.csv
2023-09-03 19:30:00+00:00,531,30.6,44.58,6.46,7.571,1.1296,30.93,1364,14.4,263.74,feed3.csv
2023-09-03 20:00:00+00:00,532,29.04,58.28,6.32,7.014,1.4126,25.44,986,14.63,264.92,feed3.csv
2023-09-03 20:30:00+00:00,533,31.09,29.68,8.07,7.819,1.0182,22.82,1349,14.46,268.84,feed3.csv
2023-09-03 21:00:00+00:00,534,26.58,16.54,8.17,7.64,0.5515,43.68,1252,14.74,261.52,feed3.csv
2023-09-03 21:30:00+00:00,535,26.86,43.59,6.73,7.824,1.4079,27.85,1270,14.67,269.55,feed3.csv
2023-09-03 22:00:00+00:00,536,26.62,46.47,6.16,7.878,0.4206,39.54,1364,14.74,268.18,feed3.csv
2023-09-03 22:30:00+00:00,537,27.36,38.75,5.37,8.166,0.5049,10.58,1023,14.63,265.59,feed3.csv
2023-09-03 23:00:00+00:00,538,29.16,20.34,8.34,7.603,1.0542,27.77,953,14.87,266.35,feed3.csv
2023-09-03 23:30:00+00:00,539,29.7,35.22,5.21,7.278,1.1503,39.72,1359,14.86,272.35,feed3.csv
2023-09-04 00:00:00+00:00,540,26.71,25.61,6.04,7.708,1.3948,28.32,1150,14.84,267.61,feed3.csv
2023-09-04 00:30:00+00:00,541,31.23,31.37,6.04,6.896,0.3152,33.72,946,14.79,267.69,feed3.csv
2023-09-04 01:00:00+00:00,542,30.71,42.26,6.12,8.056,1.199,19.88,1375,14.88,272.77,feed3.csv
2023-09-04 01:30:00+00:00,543,27.98,47.26,5.58,6.967,1.1104,8.7,1148,14.77,271.68,feed3.csv
2023-09-04 02:00:00+00:00,544,26.88,21.61,7.74,7.259,0.1051,23.32,981,14.95,269.62,feed3.csv
2023-09-04 02:30:00+00:00,545,27.33,30.27,5.43,7.942,0.587,20.78,1436,15.04,272.43,feed3.csv
2023-09-04 03:00:00+00:00,546,27.1,23.46,7.22,7.636,0.4313,39.68,978,15.01,270.45,feed3.csv
2023-09-04 03:30:00+00:00,547,27.06,19.93,5.43,7.351,0.4637,14.76,838,14.85,275.2,feed3.csv
2023-09-04 04:00:00+00:00,548,29.02,49.17,5.25,7.463,1.4746,43.67,802,14.98,275.62,feed3.csv
2023-09-04 04:30:00+00:00,549,27.62,55.46,8.18,7.996,0.9677,43.33,863,14.83,275.06,feed3.csv
2023-09-04 05:00:00+00:00,550,28.15,28.51,5.67,7.276,1.0793,14.91,828,15.04,275.22,feed3.csv
2023-09-04 05:30:00+00:00,551,31.27,47.56,7.87,8.018,1.4652,18.92,1171,15.05,278.52,feed3.csv
2023-09-04 06:00:00+00:00,552,29.71,54.85,6.91,6.923,0.572,40.82,1322,14.83,275.5,feed3.csv
2023-09-04 06:30:00+00:00,553,30.99,52.31,5.27,7.888,1.2047,43.66,896,14.92,273.64,feed3.csv
2023-09-04 07:00:00+00:00,554,26.91,19.14,8.34,7.987,0.6575,22.74,1241,15.03,277.4,feed3.csv
2023-09-04 07:30:00+00:00,555,28.06,57.81,5.86,7.055,1.3056,17.84,1002,15.05,281.17,feed3.csv
2023-09-04 08:00:00+00:00,556,28.88,28.83,8.01,7.402,0.2792,26.04,1210,14.98,275.47,feed3.csv
2023-09-04 08:30:00+00:00,557,26.44,26.96,5.59,7.032,1.4221,32.51,820,15.16,277.28,feed3.csv
2023-09-04 09:00:00+00:00,558,26.02,13.12,7.99,7.789,0.336,15.94,1350,15.17,279.33,feed3.csv
2023-09-04 09:30:00+00:00,559,29.31,34.31,5.05,7.549,0.4961,34.46,901,15.14,278.89,feed3.csv
2023-09-04 10:00:00+00:00,560,29.11,15.45,6.79,7.689,1.1367,7.07,845,15.1,277.54,feed3.csv
2023-09-04 10:30:00+00:00,561,27.91,22.43,7.69,7.075,0.5967,6.97,865,15.3,282.24,feed3.csv
2023-09-04 11:00:00+00:00,562,28.26,25.85,8.27,7.096,0.9162,20.45,1402,15.39,285.14,feed3.csv
2023-09-04 11:30:00+00:00,563,27.84,50.44,8.18,6.858,0.6724,19.14,963,15.19,281.39,feed3.csv
2023-09-04 12:00:00+00:00,564,25.84,53.77,7.87,7.251,1.1161,17.63,910,15.2,279.69,feed3.csv
2023-09-04 12:30:00+00:00,565,27.36,25.12,8.11,7.584,0.3502,24.64,1137,15.33,278.9,feed3.csv
2023-09-04 13:00:00+00:00,566,26.53,52.93,5.7,8.001,0.0971,17.83,922,15.26,283.02,feed3.csv
2023-09-04 13:30:00+00:00,567,26.1,52.86,5.99,7.734,0.4569,12.69,1246,15.31,285.21,feed3.csv
2023-09-04 14:00:00+00:00,568,30.37,48.23,6.01,7.41,0.7167,17.38,1410,15.41,284.45,feed3.csv
2023-09-04 14:30:00+00:00,569,28.55,17.33,6.32,8.134,0.2603,44.0,1090,15.17,284.0,feed3.csv
2023-09-04 15:00:00+00:00,570,29.18,44.52,6.38,7.807,0.5386,21.44,1470,15.51,283.32,feed3.csv
2023-09-04 15:30:00+00:00,571,27.1,57.25,6.91,8.102,0.606,22.79,1211,15.41,282.82,feed3.csv
2023-09-04 16:00:00+00:00,572,27.47,44.13,5.56,7.539,0.0955,28.06,1414,15.38,287.17,feed3.csv
2023-09-04 16:30:00+00:00,573,26.69,26.58,7.42,7.162,0.8791,44.33,1080,15.43,287.83,feed3.csv
2023-09-04 17:00:00+00:00,574,25.98,35.03,5.59,6.874,1.3277,14.66,842,15.46,283.41,feed3.csv
2023-09-04 17:30:00+00:00,575,26.4,42.29,6.09,7.817,0.2361,32.25,1285,15.31,290.18,feed3.csv
2023-09-04 18:00:00+00:00,576,29.5,35.53,6.76,6.97,0.9007,33.64,1395,15.65,288.65,feed3.csv
2023-09-04 18:30:00+00:00,577,28.91,16.0,7.79,7.224,1.0005,29.29,850,15.52,290.8,feed3.csv
2023-09-04 19:00:00+00:00,578,28.28,25.6,7.59,7.545,0.6348,8.54,1009,15.58,285.82,feed3.csv
2023-09-04 19:30:00+00:00,579,27.94,50.12,7.26,7.59,1.0546,32.07,925,15.66,286.27,feed3.csv
2023-09-04 20:00:00+00:00,580,30.21,53.07,5.55,7.641,0.622,7.56,1291,15.48,289.2,feed3.csv
2023-09-04 20:30:00+00:00,581,25.99,16.87,6.91,7.033,0.7619,28.85,1308,15.65,291.01,feed3.csv
2023-09-04 21:00:00+00:00,582,27.06,57.62,5.31,7.332,0.021,34.58,1380,15.59,294.09,feed3.csv
2023-09-04 21:30:00+00:00,583,27.45,26.44,6.32,7.664,1.0407,13.44,1057,15.72,292.41,feed3.csv
2023-09-04 22:00:00+00:00,584,29.65,43.12,6.45,8.158,0.9954,38.66,987,15.45,291.01,feed3.csv
2023-09-04 22:30:00+00:00,585,30.75,47.59,5.14,7.819,0.0672,6.21,1029,15.67,289.95,feed3.csv
2023-09-04 23:00:00+00:00,586,27.03,50.6,5.96,8.092,0.5587,38.75,988,15.64,294.96,feed3.csv
2023-09-04 23:30:00+00:00,587,30.25,57.29,8.34,7.867,1.4688,23.41,1214,15.76,291.07,feed3.csv
2023-09-05 00:00:00+00:00,588,30.08,25.65,8.34,7.628,0.6369,13.7,809,15.79,296.76,feed3.csv
2023-09-05 00:30:00+00:00,589,27.1,52.93,6.23,7.069,0.7579,10.35,913,15.69,293.43,feed3.csv
2023-09-05 01:00:00+00:00,590,28.02,16.58,5.15,7.733,1.3658,43.13,875,15.71,297.68,feed3.csv
2023-09-05 01:30:00+00:00,591,28.12,45.25,5.63,7.673,1.0787,7.91,1475,15.79,296.36,feed3.csv
2023-09-05 02:00:00+00:00,592,31.02,47.1,6.37,7.643,0.8773,12.96,1301,15.73,295.23,feed3.csv
2023-09-05 02:30:00+00:00,593,27.08,43.89,8.32,7.486,1.1987,18.91,884,15.92,294.96,feed3.csv
2023-09-05 03:00:00+00:00,594,30.21,22.62,5.49,7.54,1.2979,29.81,848,15.82,295.82,feed3.csv
2023-09-05 03:30:00+00:00,595,27.93,53.65,7.67,7.268,0.6908,26.79,1294,15.59,297.86,feed3.csv
2023-09-05 04:00:00+00:00,596,29.96,18.44,5.38,7.527,0.7179,10.03,1488,15.86,297.65,feed3.csv
2023-09-05 04:30:00+00:00,597,28.44,12.68,8.43,7.077,0.5852,16.59,1186,15.82,296.81,feed3.csv
2023-09-05 05:00:00+00:00,598,29.27,45.87,6.34,7.927,1.4504,14.55,1188,15.78,298.17,feed3.csv
2023-09-05 05:30:00+00:00,599,30.57,33.77,7.71,7.06,1.0488,13.54,1017,15.84,299.16,feed3.csv
2023-09-05 06:00:00+00:00,600,30.45,52.45,6.2,6.919,0.134,21.45,1145,15.99,295.24,feed3.csv
